Satimo 2     SG64-ATL3333S     400-10000 Mhz,,,,,,,,,SG64-ATL3333S,400-10000 Mhz,,,,
Yearly Reference Dipole Measurements,,,,,,,,, ,,,,,
,,,,,,,,,Dipoles,Reference Data,Date,,,
,,,,,,,,,SD665,NIST,03/12/26,,,
,,,,,,,,,Frequency (MHz),Efficiency* (dB),Efficiency,,,
,,,,,,,,,625,-0.37,-0.69,,,
,,,,,,,,,630,-0.39,-0.54,,,
,,,,,,,,,635,-0.42,-0.36,,,
,,,,,,,,,640,-0.43,-0.51,,,
,,,,,,,,,645,-0.41,-0.69,,,
,,,,,,,,,650,-0.37,-0.49,,,
,,,,,,,,,660,-0.35,-0.47,,,
,,,,,,,,,665,-0.35,-0.45,,,
,,,,,,,,,670,-0.32,-0.41,,,
,,,,,,,,,675,-0.33,0.1,,,
,,,,,,,,,680,-0.3,-0.39,,,
,,,,,,,,,685,-0.3,-0.15,,,
,,,,,,,,,690,-0.28,-0.4,,,
,,,,,,,,,695,-0.31,-0.2,,,
,,,,,,,,,700,-0.33,-0.54,,,
,,,,,,,,,,,,,, 
,,,,,,,,,SD740,NIST,03/12/26,,,
,,,,,,,,,Frequency (MHz),Efficiency* (dB),Efficiency,,,
,,,,,,,,,690,-0.38,-0.39,,,
,,,,,,,,,695,-0.32,-0.18,,,
,,,,,,,,,700,-0.44,-0.48,,,
,,,,,,,,,705,-0.42,-0.41,,,
,,,,,,,,,710,-0.56,-0.53,,,
,,,,,,,,,715,-0.54,-0.53,,,
,,,,,,,,,720,-0.66,-0.54,,,
,,,,,,,,,725,-0.61,-0.28,,,
,,,,,,,,,730,-0.67,-0.48,,,
,,,,,,,,,735,-0.81,-0.42,,,
,,,,,,,,,740,-0.72,-0.37,,,
,,,,,,,,,745,-0.72,-0.07,,,
,,,,,,,,,750,-0.76,-0.27,,,
,,,,,,,,,755,-0.87,-0.3,,,
,,,,,,,,,760,-0.79,-0.24,,,
,,,,,,,,,765,-0.87,-0.05,,,
,,,,,,,,,770,-0.76,-0.25,,,
,,,,,,,,,775,-0.78,-0.38,,,
,,,,,,,,,780,-0.72,-0.3,,,
,,,,,,,,,785,-0.73,-0.35,,,
,,,,,,,,,790,-0.71,-0.37,,,
,,,,,,,,,795,-0.68,-0.67,,,
,,,,,,,,,800,-0.62,-0.63,,,
,,,,,,,,,,,,,, 
,,,,,,,,,SD836,NIST,03/12/26,,,
,,,,,,,,,Frequency (MHz),Efficiency* (dB),Efficiency,,,
,,,,,,,,,810,-0.78,-0.64,,,
,,,,,,,,,815,-0.76,-0.72,,,
,,,,,,,,,820,-0.76,-0.43,,,
,,,,,,,,,825,-0.88,-0.6,,,
,,,,,,,,,830,-0.9,-0.33,,,
,,,,,,,,,835,-0.89,-0.39,,,
,,,,,,,,,840,-0.89,-0.29,,,
,,,,,,,,,845,-0.84,-0.54,,,
,,,,,,,,,850,-0.85,-0.31,,,
,,,,,,,,,855,-0.93,-0.32,,,
,,,,,,,,,,,,,, 
,,,,,,,,,SD880,NIST,03/12/26,,,
,,,,,,,,,Frequency (MHz),Efficiency* (dB),Efficiency,,,
,,,,,,,,,860,-0.89,-0.4,,,
,,,,,,,,,865,-0.89,-0.48,,,
,,,,,,,,,870,-0.81,-0.34,,,
,,,,,,,,,875,-0.81,-0.25,,,
,,,,,,,,,880,-0.76,-0.38,,,
,,,,,,,,,885,-0.72,-0.51,,,
,,,,,,,,,890,-0.62,-0.47,,,
,,,,,,,,,895,-0.46,-0.37,,,
,,,,,,,,,900,-0.35,-0.54,,,
,,,,,,,,,905,-0.28,-0.48,,,
,,,,,,,,,910,-0.34,-0.57,,,
,,,,,,,,,915,-0.29,-0.47,,,
,,,,,,,,,920,-0.47,-0.42,,,
,,,,,,,,,,,,,, 
,,,,,,,,,SD945,NIST,03/12/26,,,
,,,,,,,,,Frequency (MHz),Efficiency* (dB),Efficiency,,,
,,,,,,,,,925,-0.38,-0.06,,,
,,,,,,,,,930,-0.44,-0.24,,,
,,,,,,,,,935,-0.49,-0.15,,,
,,,,,,,,,940,-0.47,-0.07,,,
,,,,,,,,,945,-0.6,0.13,,,
,,,,,,,,,950,-0.43,-0.01,,,
,,,,,,,,,955,-0.48,0,,,
,,,,,,,,,960,-0.39,-0.13,,,
,,,,,,,,,965,-0.45,-0.2,,,
,,,,,,,,,970,-0.28,-0.33,,,
,,,,,,,,,975,-0.33,-0.51,,,
,,,,,,,,,980,-0.3,-0.56,,,
,,,,,,,,,,, ,,,
,,,,,,,,,1230-41,NIST,3/12/26,,,
,,,,,,,,,Frequency (MHz),Efficiency* (dB),Efficiency,,,
,,,,,,,,,1165,-0.78,-0.84,,,
,,,,,,,,,1170,-0.69,-0.83,,,
,,,,,,,,,1175,-0.67,-0.65,,,
,,,,,,,,,1180,-0.56,-0.72,,,
,,,,,,,,,1185,-0.55,-0.7,,,
,,,,,,,,,1190,-0.52,-0.63,,,
,,,,,,,,,1195,-0.57,-0.34,,,
,,,,,,,,,1200,-0.53,-0.49,,,
,,,,,,,,,1205,-0.55,-0.42,,,
,,,,,,,,,1210,-0.47,-0.25,,,
,,,,,,,,,1215,-0.49,-0.08,,,
,,,,,,,,,1220,-0.47,-0.2,,,
,,,,,,,,,1225,-0.49,-0.02,,,
,,,,,,,,,1230,-0.48,-0.13,,,
,,,,,,,,,1235,-0.43,-0.28,,,
,,,,,,,,,1240,-0.39,-0.37,,,
,,,,,,,,,1245,-0.33,-0.33,,,
,,,,,,,,,1250,-0.31,-0.44,,,
,,,,,,,,,1255,-0.29,-0.49,,,
,,,,,,,,,1260,-0.31,-0.5,,,
,,,,,,,,,1265,-0.33,-0.6,,,
,,,,,,,,,1270,-0.39,-0.46,,,
,,,,,,,,,1275,-0.41,-0.49,,,
,,,,,,,,,1280,-0.49,-0.43,,,
,,,,,,,,,1285,-0.53,-0.2,,,
,,,,,,,,,1290,-0.58,-0.42,,,
,,,,,,,,,1295,-0.6,-0.47,,,
,,,,,,,,,,,,,, 
,,,,,,,,,SD1575,NIST,03/12/26,,,
,,,,,,,,,Frequency (MHz),Efficiency* (dB),Efficiency,,,
,,,,,,,,,1500,-0.59,-0.83,,,
,,,,,,,,,1505,-0.47,-0.79,,,
,,,,,,,,,1510,-0.5,-0.7,,,
,,,,,,,,,1515,-0.48,-0.5,,,
,,,,,,,,,1520,-0.4,-0.7,,,
,,,,,,,,,1525,-0.29,-0.55,,,
,,,,,,,,,1530,-0.28,-0.46,,,
,,,,,,,,,1535,-0.29,-0.6,,,
,,,,,,,,,1540,-0.16,-0.43,,,
,,,,,,,,,1545,-0.25,-0.32,,,
,,,,,,,,,1550,-0.13,-0.33,,,
,,,,,,,,,1555,-0.16,-0.61,,,
,,,,,,,,,1560,-0.14,-0.36,,,
,,,,,,,,,1565,-0.22,-0.53,,,
,,,,,,,,,1570,-0.13,-0.4,,,
,,,,,,,,,1575,-0.17,-0.33,,,
,,,,,,,,,1580,-0.17,-0.43,,,
,,,,,,,,,1585,-0.03,-0.51,,,
,,,,,,,,,1590,-0.14,-0.36,,,
,,,,,,,,,1595,-0.13,-0.25,,,
,,,,,,,,,1600,-0.25,-0.27,,,
,,,,,,,,,1605,-0.36,-0.23,,,
,,,,,,,,,1610,-0.39,-0.23,,,
,,,,,,,,,1615,-0.33,-0.22,,,
,,,,,,,,,1620,-0.38,-0.28,,,
,,,,,,,,,1625,-0.47,-0.39,,,
,,,,,,,,,1630,-0.41,-0.38,,,
,,,,,,,,,,,,,, 
,,,,,,,,,SD1730,NIST,03/12/26,,,
,,,,,,,,,Frequency (MHz),Efficiency* (dB),Efficiency,,,
,,,,,,,,,1640,-0.56,-0.59,,,
,,,,,,,,,1645,-0.52,-0.37,,,
,,,,,,,,,1650,-0.39,-0.6,,,
,,,,,,,,,1655,-0.34,-0.6,,,
,,,,,,,,,1660,-0.24,-0.51,,,
,,,,,,,,,1665,-0.22,-0.29,,,
,,,,,,,,,1670,-0.25,-0.41,,,
,,,,,,,,,1675,-0.23,-0.44,,,
,,,,,,,,,1680,-0.28,-0.29,,,
,,,,,,,,,1685,-0.24,-0.35,,,
,,,,,,,,,1690,-0.31,-0.26,,,
,,,,,,,,,1695,-0.27,-0.29,,,
,,,,,,,,,1700,-0.29,-0.3,,,
,,,,,,,,,1705,-0.31,-0.55,,,
,,,,,,,,,,,,,, 
,,,,,,,,,SD1800,NIST,03/12/26,,,
,,,,,,,,,Frequency (MHz),Efficiency* (dB),Efficiency,,,
,,,,,,,,,1710,-0.46,-0.63,,,
,,,,,,,,,1715,-0.44,-0.66,,,
,,,,,,,,,1720,-0.37,-0.62,,,
,,,,,,,,,1725,-0.42,-0.59,,,
,,,,,,,,,1730,-0.25,-0.54,,,
,,,,,,,,,1735,-0.25,-0.43,,,
,,,,,,,,,1740,-0.2,-0.47,,,
,,,,,,,,,1745,-0.27,-0.47,,,
,,,,,,,,,1750,-0.24,-0.44,,,
,,,,,,,,,1755,-0.28,-0.42,,,
,,,,,,,,,1760,-0.31,-0.4,,,
,,,,,,,,,1765,-0.26,-0.45,,,
,,,,,,,,,1770,-0.27,-0.44,,,
,,,,,,,,,1775,-0.27,-0.41,,,
,,,,,,,,,1780,-0.36,-0.38,,,
,,,,,,,,,1785,-0.3,-0.13,,,
,,,,,,,,,1790,-0.39,-0.39,,,
,,,,,,,,,1795,-0.38,-0.2,,,
,,,,,,,,,1800,-0.38,-0.35,,,
,,,,,,,,,1805,-0.33,-0.3,,,
,,,,,,,,,1810,-0.36,-0.36,,,
,,,,,,,,,1815,-0.42,-0.29,,,
,,,,,,,,,1820,-0.32,-0.4,,,
,,,,,,,,,1825,-0.3,-0.5,,,
,,,,,,,,,1830,-0.31,-0.4,,,
,,,,,,,,,1835,-0.46,-0.51,,,
,,,,,,,,,1840,-0.46,-0.51,,,
,,,,,,,,,1845,-0.57,-0.33,,,
,,,,,,,,,1850,-0.65,-0.39,,,
,,,,,,,,,1855,-0.7,-0.58,,,
,,,,,,,,,1860,-0.79,-0.48,,,
,,,,,,,,,1865,-0.87,-0.42,,,
,,,,,,,,,1870,-0.95,-0.39,,,
,,,,,,,,,1875,-0.89,-0.49,,,
,,,,,,,,,1880,-0.92,-0.42,,,
,,,,,,,,,1885,-0.9,-0.54,,,
,,,,,,,,,1890,-0.91,-0.49,,,
,,,,,,,,,1895,-0.93,-0.47,,,
,,,,,,,,,1900,-0.96,-0.49,,,
,,,,,,,,,1905,-0.98,-0.62,,,
,,,,,,,,,1910,-0.76,-0.57,,,
,,,,,,,,,1915,-0.68,-0.33,,,
,,,,,,,,,,,,,, 
,,,,,,,,,SD1900,NIST,03/12/26,,,
,,,,,,,,,Frequency (MHz),Efficiency* (dB),Efficiency,,,
,,,,,,,,,1920,-0.55,-0.29,,,
,,,,,,,,,1925,-0.58,-0.21,,,
,,,,,,,,,1930,-0.58,-0.28,,,
,,,,,,,,,1935,-0.72,-0.06,,,
,,,,,,,,,1940,-0.74,-0.25,,,
,,,,,,,,,1945,-0.65,-0.16,,,
,,,,,,,,,1950,-0.72,-0.31,,,
,,,,,,,,,1955,-0.71,-0.28,,,
,,,,,,,,,1960,-0.69,-0.33,,,
,,,,,,,,,1965,-0.68,-0.31,,,
,,,,,,,,,1970,-0.66,-0.37,,,
,,,,,,,,,1975,-0.55,-0.61,,,
,,,,,,,,,1980,-0.56,-0.37,,,
,,,,,,,,,1985,-0.53,-0.28,,,
,,,,,,,,,1990,-0.47,-0.4,,,
,,,,,,,,,1995,-0.55,-0.52,,,
,,,,,,,,,2000,-0.4,-0.42,,,
,,,,,,,,,,,,,, 
,,,,,,,,,SD2140,NIST,03/12/26,,,
,,,,,,,,,Frequency (MHz),Efficiency* (dB),Efficiency,,,
,,,,,,,,,2005,-0.55,-0.74,,,
,,,,,,,,,2010,-0.4,-0.61,,,
,,,,,,,,,2015,-0.39,-0.57,,,
,,,,,,,,,2020,-0.32,-0.57,,,
,,,,,,,,,2025,-0.4,-0.86,,,
,,,,,,,,,2030,-0.44,-0.62,,,
,,,,,,,,,2035,-0.43,-0.59,,,
,,,,,,,,,2040,-0.45,-0.49,,,
,,,,,,,,,2045,-0.4,-0.46,,,
,,,,,,,,,2050,-0.43,-0.43,,,
,,,,,,,,,2055,-0.42,-0.31,,,
,,,,,,,,,2060,-0.48,-0.41,,,
,,,,,,,,,2065,-0.46,-0.33,,,
,,,,,,,,,2070,-0.41,-0.35,,,
,,,,,,,,,2075,-0.31,-0.4,,,
,,,,,,,,,2080,-0.24,-0.51,,,
,,,,,,,,,2085,-0.3,-0.39,,,
,,,,,,,,,2090,-0.29,-0.46,,,
,,,,,,,,,2095,-0.37,-0.67,,,
,,,,,,,,,2100,-0.33,-0.44,,,
,,,,,,,,,2105,-0.29,-0.33,,,
,,,,,,,,,2110,-0.21,-0.37,,,
,,,,,,,,,2115,-0.22,-0.38,,,
,,,,,,,,,2120,-0.17,-0.35,,,
,,,,,,,,,2125,-0.16,-0.44,,,
,,,,,,,,,2130,-0.11,-0.25,,,
,,,,,,,,,2135,-0.1,-0.21,,,
,,,,,,,,,2140,-0.12,-0.36,,,
,,,,,,,,,2145,-0.14,-0.46,,,
,,,,,,,,,2150,-0.21,-0.29,,,
,,,,,,,,,2155,-0.21,-0.28,,,
,,,,,,,,,2160,-0.23,-0.36,,,
,,,,,,,,,2165,-0.16,-0.39,,,
,,,,,,,,,2170,-0.09,-0.37,,,
,,,,,,,,,2175,-0.05,-0.63,,,
,,,,,,,,,2180,-0.03,-0.36,,,
,,,,,,,,,2185,-0.1,-0.35,,,
,,,,,,,,,2190,-0.13,-0.36,,,
,,,,,,,,,2195,-0.19,-0.24,,,
,,,,,,,,,2200,-0.14,-0.32,,,
,,,,,,,,,2205,-0.19,-0.32,,,
,,,,,,,,,2210,-0.16,-0.33,,,
,,,,,,,,,2215,-0.16,-0.18,,,
,,,,,,,,,2220,-0.17,-0.28,,,
,,,,,,,,,2225,-0.2,-0.34,,,
,,,,,,,,,2230,-0.27,-0.37,,,
,,,,,,,,,2235,-0.29,-0.4,,,
,,,,,,,,,2240,-0.31,-0.37,,,
,,,,,,,,,2245,-0.31,-0.52,,,
,,,,,,,,,2250,-0.36,-0.46,,,
,,,,,,,,,2255,-0.38,-0.35,,,
,,,,,,,,,2260,-0.41,-0.45,,,
,,,,,,,,,2265,-0.47,-0.32,,,
,,,,,,,,,2270,-0.49,-0.51,,,
,,,,,,,,,2275,-0.47,-0.57,,,
,,,,,,,,,2280,-0.41,-0.39,,,
,,,,,,,,,2285,-0.37,-0.33,,,
,,,,,,,,,2290,-0.32,-0.44,,,
,,,,,,,,,2295,-0.36,-0.66,,,
,,,,,,,,,2300,-0.33,-0.48,,,
,,,,,,,,,2305,-0.35,-0.57,,,
,,,,,,,,,2310,-0.3,-0.47,,,
,,,,,,,,,2315,-0.3,-0.53,,,
,,,,,,,,,2320,-0.3,-0.57,,,
,,,,,,,,,2325,-0.34,-0.76,,,
,,,,,,,,,2330,-0.35,-0.61,,,
,,,,,,,,,,,,,, 
,,,,,,,,,SD2450,NIST,03/12/26,,,
,,,,,,,,,Frequency (MHz),Efficiency* (dB),Efficiency,,,
,,,,,,,,,2335,-0.25,-0.51,,,
,,,,,,,,,2340,-0.32,-0.52,,,
,,,,,,,,,2345,-0.34,-0.51,,,
,,,,,,,,,2350,-0.4,-0.57,,,
,,,,,,,,,2355,-0.41,-0.54,,,
,,,,,,,,,2360,-0.47,-0.57,,,
,,,,,,,,,2365,-0.45,-0.39,,,
,,,,,,,,,2370,-0.45,-0.4,,,
,,,,,,,,,2375,-0.44,-0.28,,,
,,,,,,,,,2380,-0.4,-0.42,,,
,,,,,,,,,2385,-0.39,-0.32,,,
,,,,,,,,,2390,-0.36,-0.43,,,
,,,,,,,,,2395,-0.36,-0.58,,,
,,,,,,,,,2400,-0.31,-0.66,,,
,,,,,,,,,2405,-0.34,-0.39,,,
,,,,,,,,,2410,-0.37,-0.57,,,
,,,,,,,,,2415,-0.41,-0.63,,,
,,,,,,,,,2420,-0.4,-0.53,,,
,,,,,,,,,2425,-0.37,-0.45,,,
,,,,,,,,,2430,-0.39,-0.42,,,
,,,,,,,,,2435,-0.37,-0.46,,,
,,,,,,,,,2440,-0.42,-0.49,,,
,,,,,,,,,2445,-0.45,-0.67,,,
,,,,,,,,,2450,-0.53,-0.43,,,
,,,,,,,,,2455,-0.53,-0.35,,,
,,,,,,,,,2460,-0.55,-0.37,,,
,,,,,,,,,2465,-0.53,-0.56,,,
,,,,,,,,,2470,-0.48,-0.42,,,
,,,,,,,,,2475,-0.47,-0.41,,,
,,,,,,,,,2480,-0.42,-0.43,,,
,,,,,,,,,2485,-0.4,-0.41,,,
,,,,,,,,,2490,-0.34,-0.53,,,
,,,,,,,,,2495,-0.35,-0.51,,,
,,,,,,,,,2500,-0.34,-0.39,,,
,,,,,,,,,2505,-0.38,-0.23,,,
,,,,,,,,,2510,-0.4,-0.34,,,
,,,,,,,,,2515,-0.4,-0.37,,,
,,,,,,,,,2520,-0.46,-0.32,,,
,,,,,,,,,2525,-0.45,-0.28,,,
,,,,,,,,,2530,-0.51,-0.34,,,
,,,,,,,,,2535,-0.54,-0.32,,,
,,,,,,,,,2540,-0.61,-0.35,,,
,,,,,,,,,2545,-0.6,-0.31,,,
,,,,,,,,,2550,-0.66,-0.37,,,
,,,,,,,,,2555,-0.69,-0.25,,,
,,,,,,,,,2560,-0.7,-0.33,,,
,,,,,,,,,2565,-0.7,-0.45,,,
,,,,,,,,,2570,-0.7,-0.37,,,
,,,,,,,,,2575,-0.7,-0.3,,,
,,,,,,,,,2580,-0.64,-0.4,,,
,,,,,,,,,2585,-0.59,-0.37,,,
,,,,,,,,,2590,-0.51,-0.44,,,
,,,,,,,,,2595,-0.52,-0.38,,,
,,,,,,,,,2600,-0.55,-0.33,,,
,,,,,,,,,2605,-0.67,-0.33,,,
,,,,,,,,,2610,-0.8,-0.36,,,
,,,,,,,,,2615,-0.79,-0.39,,,
,,,,,,,,,2620,-0.79,-0.37,,,
,,,,,,,,,2625,-0.72,-0.4,,,
,,,,,,,,,2630,-0.75,-0.4,,,
,,,,,,,,,2635,-0.72,-0.4,,,
,,,,,,,,,2640,-0.8,-0.44,,,
,,,,,,,,,2645,-0.79,-0.52,,,
,,,,,,,,,2650,-0.68,-0.53,,,
,,,,,,,,,,,,,, 
,,,,,,,,,SD2600,NIST,03/12/26,,,
,,,,,,,,,Frequency (MHz),Efficiency* (dB),Efficiency,,,
,,,,,,,,,2650,-1.71,-0.45,,,
,,,,,,,,,2655,-0.42,-0.28,,,
,,,,,,,,,2660,-0.34,-0.42,,,
,,,,,,,,,2665,-0.33,-0.45,,,
,,,,,,,,,2670,-0.38,-0.46,,,
,,,,,,,,,2675,-0.33,-0.57,,,
,,,,,,,,,2680,-0.19,-0.42,,,
,,,,,,,,,2685,-0.16,-0.28,,,
,,,,,,,,,2690,-0.09,-0.34,,,
,,,,,,,,,2695,-0.11,-0.38,,,
,,,,,,,,,2700,-0.31,-0.46,,,
,,,,,,,,,2705,-0.36,-0.4,,,
,,,,,,,,,2710,-0.4,-0.38,,,
,,,,,,,,,2715,-0.42,-0.45,,,
,,,,,,,,,2720,-0.37,-0.49,,,
,,,,,,,,,2725,-0.26,-0.45,,,
,,,,,,,,,2730,-0.39,-0.49,,,
,,,,,,,,,2735,-0.42,-0.62,,,
,,,,,,,,,2740,-0.43,-0.43,,,
,,,,,,,,,2745,-0.42,-0.55,,,
,,,,,,,,,2750,-0.33,-0.46,,,
,,,,,,,,,2755,-0.26,-0.36,,,
,,,,,,,,,2760,-0.28,-0.48,,,
,,,,,,,,,2765,-0.29,-0.69,,,
,,,,,,,,,2770,-0.29,-0.46,,,
,,,,,,,,,2775,-0.35,-0.42,,,
,,,,,,,,,2780,-0.32,-0.48,,,
,,,,,,,,,2785,-0.26,-0.56,,,
,,,,,,,,,2790,-0.33,-0.55,,,
,,,,,,,,,2795,-0.32,-0.59,,,
,,,,,,,,,2800,-0.33,-0.51,,,
,,,,,,,,,2805,-0.42,-0.49,,,
,,,,,,,,,2810,-0.45,-0.52,,,
,,,,,,,,,2815,-0.39,-0.5,,,
,,,,,,,,,2820,-0.52,-0.53,,,
,,,,,,,,,2825,-0.52,-0.38,,,
,,,,,,,,,2830,-0.51,-0.49,,,
,,,,,,,,,2835,-0.49,-0.47,,,
,,,,,,,,,2840,-0.43,-0.46,,,
,,,,,,,,,2845,-0.32,-0.42,,,
,,,,,,,,,2850,-0.33,-0.49,,,
,,,,,,,,,2855,-0.31,-0.49,,,
,,,,,,,,,2860,-0.27,-0.55,,,
,,,,,,,,,2865,-0.36,-0.49,,,
,,,,,,,,,2870,-0.34,-0.56,,,
,,,,,,,,,2875,-0.33,-0.61,,,
,,,,,,,,,2880,-0.4,-0.59,,,
,,,,,,,,,2885,-0.4,-0.69,,,
,,,,,,,,,2890,-0.43,-0.6,,,
,,,,,,,,,2895,-0.56,-0.52,,,
,,,,,,,,,2900,-0.61,-0.59,,,
,,,,,,,,,2905,-0.53,-0.79,,,
,,,,,,,,,2910,-0.65,-0.67,,,
,,,,,,,,,2915,-0.62,-0.69,,,
,,,,,,,,,2920,-0.63,-0.61,,,
,,,,,,,,,2925,-0.67,-0.56,,,
,,,,,,,,,2930,-0.67,-0.72,,,
,,,,,,,,,2935,-0.56,-0.8,,,
,,,,,,,,,2940,-0.58,-0.76,,,
,,,,,,,,,2945,-0.51,-0.78,,,
,,,,,,,,,2950,-0.46,-0.72,,,
,,,,,,,,,,,,,, 
,,,,,,,,,SD5150,NIST,03/12/26,,,
,,,,,,,,,Frequency (MHz),Efficiency* (dB),Efficiency,,,
,,,,,,,,,4900,-0.46,-0.05,,,
,,,,,,,,,4905,-0.39,-0.04,,,
,,,,,,,,,4910,-0.36,0,,,
,,,,,,,,,4915,-0.42,0.03,,,
,,,,,,,,,4920,-0.43,-0.03,,,
,,,,,,,,,4925,-0.4,0.02,,,
,,,,,,,,,4930,-0.33,-0.06,,,
,,,,,,,,,4935,-0.28,0.07,,,
,,,,,,,,,4940,-0.33,-0.02,,,
,,,,,,,,,4945,-0.41,-0.11,,,
,,,,,,,,,4950,-0.42,-0.07,,,
,,,,,,,,,4955,-0.39,-0.06,,,
,,,,,,,,,4960,-0.37,-0.04,,,
,,,,,,,,,4965,-0.48,-0.16,,,
,,,,,,,,,4970,-0.47,-0.08,,,
,,,,,,,,,4975,-0.4,-0.12,,,
,,,,,,,,,4980,-0.43,-0.1,,,
,,,,,,,,,4985,-0.53,-0.06,,,
,,,,,,,,,4990,-0.44,-0.14,,,
,,,,,,,,,4995,-0.34,-0.17,,,
,,,,,,,,,5000,-0.33,-0.07,,,
,,,,,,,,,5005,-0.33,-0.01,,,
,,,,,,,,,5010,-0.38,-0.06,,,
,,,,,,,,,5015,-0.42,-0.17,,,
,,,,,,,,,5020,-0.34,-0.09,,,
,,,,,,,,,5025,-0.27,-0.23,,,
,,,,,,,,,5030,-0.31,-0.14,,,
,,,,,,,,,5035,-0.34,-0.14,,,
,,,,,,,,,5040,-0.3,-0.2,,,
,,,,,,,,,5045,-0.33,-0.24,,,
,,,,,,,,,5050,-0.37,-0.28,,,
,,,,,,,,,5055,-0.39,-0.14,,,
,,,,,,,,,5060,-0.39,-0.32,,,
,,,,,,,,,5065,-0.35,-0.31,,,
,,,,,,,,,5070,-0.38,-0.36,,,
,,,,,,,,,5075,-0.43,-0.37,,,
,,,,,,,,,5080,-0.41,-0.38,,,
,,,,,,,,,5085,-0.26,-0.4,,,
,,,,,,,,,5090,-0.26,-0.39,,,
,,,,,,,,,5095,-0.27,-0.39,,,
,,,,,,,,,5100,-0.26,-0.29,,,
,,,,,,,,,5105,-0.27,-0.28,,,
,,,,,,,,,5110,-0.22,-0.29,,,
,,,,,,,,,5115,-0.17,-0.3,,,
,,,,,,,,,5120,-0.22,-0.26,,,
,,,,,,,,,5125,-0.23,-0.17,,,
,,,,,,,,,5130,-0.16,-0.21,,,
,,,,,,,,,5135,-0.18,-0.29,,,
,,,,,,,,,5140,-0.29,-0.26,,,
,,,,,,,,,5145,-0.33,-0.19,,,
,,,,,,,,,5150,-0.28,-0.15,,,
,,,,,,,,,5155,-0.31,-0.13,,,
,,,,,,,,,5160,-0.36,-0.16,,,
,,,,,,,,,5165,-0.36,-0.23,,,
,,,,,,,,,5170,-0.35,-0.16,,,
,,,,,,,,,5175,-0.31,-0.1,,,
,,,,,,,,,5180,-0.3,-0.12,,,
,,,,,,,,,5185,-0.32,-0.11,,,
,,,,,,,,,5190,-0.3,-0.14,,,
,,,,,,,,,5195,-0.25,-0.04,,,
,,,,,,,,,5200,-0.2,-0.14,,,
,,,,,,,,,5205,-0.22,0.02,,,
,,,,,,,,,5210,-0.2,-0.04,,,
,,,,,,,,,5215,-0.17,0,,,
,,,,,,,,,5220,-0.1,-0.04,,,
,,,,,,,,,5225,-0.06,-0.08,,,
,,,,,,,,,5230,-0.12,-0.05,,,
,,,,,,,,,5235,-0.17,-0.13,,,
,,,,,,,,,5240,-0.08,-0.03,,,
,,,,,,,,,5245,-0.1,0,,,
,,,,,,,,,5250,-0.18,-0.13,,,
,,,,,,,,,5255,-0.19,-0.1,,,
,,,,,,,,,5260,-0.15,-0.14,,,
,,,,,,,,,5265,-0.16,-0.16,,,
,,,,,,,,,5270,-0.15,-0.17,,,
,,,,,,,,,5275,-0.17,-0.17,,,
,,,,,,,,,5280,-0.17,-0.23,,,
,,,,,,,,,5285,-0.07,-0.34,,,
,,,,,,,,,5290,-0.03,-0.23,,,
,,,,,,,,,5295,-0.05,-0.25,,,
,,,,,,,,,5300,-0.11,-0.21,,,
,,,,,,,,,5305,-0.1,-0.17,,,
,,,,,,,,,5310,-0.09,-0.23,,,
,,,,,,,,,5315,-0.04,-0.23,,,
,,,,,,,,,5320,-0.06,-0.3,,,
,,,,,,,,,5325,-0.1,-0.23,,,
,,,,,,,,,5330,-0.07,-0.29,,,
,,,,,,,,,5335,-0.1,-0.27,,,
,,,,,,,,,5340,-0.22,-0.33,,,
,,,,,,,,,5345,-0.19,-0.32,,,
,,,,,,,,,5350,-0.15,-0.33,,,
,,,,,,,,,5355,-0.15,-0.28,,,
,,,,,,,,,5360,-0.2,-0.29,,,
,,,,,,,,,5365,-0.2,-0.27,,,
,,,,,,,,,5370,-0.22,-0.34,,,
,,,,,,,,,5375,-0.16,-0.39,,,
,,,,,,,,,5380,-0.11,-0.37,,,
,,,,,,,,,5385,-0.12,-0.36,,,
,,,,,,,,,5390,-0.11,-0.4,,,
,,,,,,,,,5395,-0.08,-0.39,,,
,,,,,,,,,5400,-0.17,-0.47,,,
,,,,,,,,,,,,,, 
,,,,,,,,,SD5650,NIST,03/12/26,,,
,,,,,,,,,Frequency (MHz),Efficiency* (dB),Efficiency,,,
,,,,,,,,,5405,-0.48,-1.04,,,
,,,,,,,,,5410,-0.47,-1.01,,,
,,,,,,,,,5415,-0.52,-0.97,,,
,,,,,,,,,5420,-0.57,-0.85,,,
,,,,,,,,,5425,-0.56,-0.87,,,
,,,,,,,,,5430,-0.56,-0.75,,,
,,,,,,,,,5435,-0.56,-0.91,,,
,,,,,,,,,5440,-0.58,-0.72,,,
,,,,,,,,,5445,-0.59,-0.62,,,
,,,,,,,,,5450,-0.56,-0.5,,,
,,,,,,,,,5455,-0.55,-0.5,,,
,,,,,,,,,5460,-0.61,-0.48,,,
,,,,,,,,,5465,-0.55,-0.4,,,
,,,,,,,,,5470,-0.53,-0.33,,,
,,,,,,,,,5475,-0.48,-0.26,,,
,,,,,,,,,5480,-0.51,-0.26,,,
,,,,,,,,,5485,-0.56,-0.27,,,
,,,,,,,,,5490,-0.6,-0.33,,,
,,,,,,,,,5495,-0.57,-0.36,,,
,,,,,,,,,5500,-0.59,-0.33,,,
,,,,,,,,,5505,-0.64,-0.32,,,
,,,,,,,,,5510,-0.59,-0.38,,,
,,,,,,,,,5515,-0.57,-0.2,,,
,,,,,,,,,5520,-0.54,-0.45,,,
,,,,,,,,,5525,-0.51,-0.4,,,
,,,,,,,,,5530,-0.49,-0.37,,,
,,,,,,,,,5535,-0.45,-0.32,,,
,,,,,,,,,5540,-0.42,-0.32,,,
,,,,,,,,,5545,-0.44,-0.32,,,
,,,,,,,,,5550,-0.46,-0.36,,,
,,,,,,,,,5555,-0.46,-0.49,,,
,,,,,,,,,5560,-0.41,-0.36,,,
,,,,,,,,,5565,-0.42,-0.38,,,
,,,,,,,,,5570,-0.41,-0.4,,,
,,,,,,,,,5575,-0.43,-0.47,,,
,,,,,,,,,5580,-0.41,-0.49,,,
,,,,,,,,,5585,-0.37,-0.55,,,
,,,,,,,,,5590,-0.42,-0.57,,,
,,,,,,,,,5595,-0.51,-0.6,,,
,,,,,,,,,5600,-0.45,-0.64,,,
,,,,,,,,,5605,-0.47,-0.7,,,
,,,,,,,,,5610,-0.46,-0.69,,,
,,,,,,,,,5615,-0.46,-0.71,,,
,,,,,,,,,5620,-0.41,-0.69,,,
,,,,,,,,,5625,-0.38,-0.71,,,
,,,,,,,,,5630,-0.28,-0.65,,,
,,,,,,,,,5635,-0.32,-0.61,,,
,,,,,,,,,5640,-0.3,-0.7,,,
,,,,,,,,,5645,-0.29,-0.83,,,
,,,,,,,,,5650,-0.29,-0.7,,,
,,,,,,,,,5655,-0.3,-0.59,,,
,,,,,,,,,5660,-0.32,-0.62,,,
,,,,,,,,,5665,-0.4,-0.49,,,
,,,,,,,,,5670,-0.35,-0.64,,,
,,,,,,,,,5675,-0.39,-0.71,,,
,,,,,,,,,5680,-0.42,-0.57,,,
,,,,,,,,,5685,-0.48,-0.41,,,
,,,,,,,,,5690,-0.41,-0.54,,,
,,,,,,,,,5695,-0.46,-0.68,,,
,,,,,,,,,5700,-0.44,-0.53,,,
,,,,,,,,,5705,-0.47,-0.67,,,
,,,,,,,,,5710,-0.48,-0.49,,,
,,,,,,,,,5715,-0.42,-0.38,,,
,,,,,,,,,5720,-0.32,-0.48,,,
,,,,,,,,,5725,-0.35,-0.65,,,
,,,,,,,,,5730,-0.34,-0.53,,,
,,,,,,,,,5735,-0.33,-0.48,,,
,,,,,,,,,5740,-0.32,-0.55,,,
,,,,,,,,,5745,-0.33,-0.57,,,
,,,,,,,,,5750,-0.33,-0.54,,,
,,,,,,,,,5755,-0.41,-0.63,,,
,,,,,,,,,5760,-0.41,-0.63,,,
,,,,,,,,,5765,-0.45,-0.7,,,
,,,,,,,,,5770,-0.56,-0.6,,,
,,,,,,,,,5775,-0.43,-0.64,,,
,,,,,,,,,5780,-0.46,-0.54,,,
,,,,,,,,,5785,-0.46,-0.36,,,
,,,,,,,,,5790,-0.49,-0.53,,,
,,,,,,,,,5795,-0.47,-0.55,,,
,,,,,,,,,5800,-0.59,-0.47,,,
,,,,,,,,,5805,-0.49,-0.29,,,
,,,,,,,,,5810,-0.5,-0.46,,,
,,,,,,,,,5815,-0.46,-0.33,,,
,,,,,,,,,5820,-0.48,-0.54,,,
,,,,,,,,,5825,-0.44,-0.69,,,
,,,,,,,,,5830,-0.47,-0.58,,,
,,,,,,,,,5835,-0.46,-0.52,,,
,,,,,,,,,5840,-0.46,-0.59,,,
,,,,,,,,,5845,-0.47,-0.73,,,
,,,,,,,,,5850,-0.4,-0.64,,,
,,,,,,,,,5855,-0.44,-0.66,,,
,,,,,,,,,5860,-0.57,-0.54,,,
,,,,,,,,,5865,-0.55,-0.37,,,
,,,,,,,,,5870,-0.52,-0.47,,,
,,,,,,,,,5875,-0.54,-0.43,,,
,,,,,,,,,5880,-0.58,-0.44,,,
,,,,,,,,,5885,-0.51,-0.47,,,
,,,,,,,,,5890,-0.7,-0.41,,,
,,,,,,,,,5895,-0.68,-0.53,,,
,,,,,,,,,5900,-0.71,-0.47,,,
,,,,,,,,,,,,,, 
,,,,,,,,,WD6000,NIST,03/12/26,,,
,,,,,,,,,Frequency (MHz),Efficiency* (dB),Efficiency,,,
,,,,,,,,,6000,-0.54,-0.06,,,
,,,,,,,,,6010,-0.56,-0.16,,,
,,,,,,,,,6020,-0.57,0.16,,,
,,,,,,,,,6030,-0.57,-0.1,,,
,,,,,,,,,6040,-0.58,0.16,,,
,,,,,,,,,6050,-0.59,0.13,,,
,,,,,,,,,6060,-0.6,-0.29,,,
,,,,,,,,,6070,-0.63,0.18,,,
,,,,,,,,,6080,-0.65,0.11,,,
,,,,,,,,,6090,-0.67,0.16,,,
,,,,,,,,,6100,-0.68,0.49,,,
,,,,,,,,,6110,-0.69,0.53,,,
,,,,,,,,,6120,-0.7,0.51,,,
,,,,,,,,,6130,-0.71,0.68,,,
,,,,,,,,,6140,-0.73,0.9,,,
,,,,,,,,,6150,-0.74,0.59,,,
,,,,,,,,,6160,-0.74,0.99,,,
,,,,,,,,,6170,-0.73,0.91,,,
,,,,,,,,,6180,-0.72,0.64,,,
,,,,,,,,,6190,-0.7,1.07,,,
,,,,,,,,,6200,-0.68,0.84,,,
,,,,,,,,,6210,-0.67,0.78,,,
,,,,,,,,,6220,-0.66,0.79,,,
,,,,,,,,,6230,-0.65,0.67,,,
,,,,,,,,,6240,-0.63,0.71,,,
,,,,,,,,,6250,-0.61,0.56,,,
,,,,,,,,,6260,-0.59,0.56,,,
,,,,,,,,,6270,-0.57,0.4,,,
,,,,,,,,,6280,-0.55,0.46,,,
,,,,,,,,,6290,-0.54,0.66,,,
,,,,,,,,,6300,-0.53,0.31,,,
,,,,,,,,,6310,-0.53,0.88,,,
,,,,,,,,,6320,-0.54,1.02,,,
,,,,,,,,,6330,-0.54,0.88,,,
,,,,,,,,,6340,-0.54,1.31,,,
,,,,,,,,,6350,-0.55,0.93,,,
,,,,,,,,,6360,-0.55,1.07,,,
,,,,,,,,,6370,-0.57,1.23,,,
,,,,,,,,,6380,-0.58,1.06,,,
,,,,,,,,,6390,-0.6,1.21,,,
,,,,,,,,,6400,-0.61,1.35,,,
,,,,,,,,,6410,-0.63,1.45,,,
,,,,,,,,,6420,-0.63,1.33,,,
,,,,,,,,,6430,-0.64,1.53,,,
,,,,,,,,,6440,-0.65,1.48,,,
,,,,,,,,,6450,-0.66,1.26,,,
,,,,,,,,,6460,-0.67,1.44,,,
,,,,,,,,,6470,-0.68,1.16,,,
,,,,,,,,,6480,-0.68,1.13,,,
,,,,,,,,,6490,-0.68,1.25,,,
,,,,,,,,,6500,-0.68,1,,,
,,,,,,,,,6510,-0.68,1.09,,,
,,,,,,,,,6520,-0.68,1.11,,,
,,,,,,,,,6530,-0.68,1.1,,,
,,,,,,,,,6540,-0.67,1.01,,,
,,,,,,,,,6550,-0.67,0.85,,,
,,,,,,,,,6560,-0.65,0.85,,,
,,,,,,,,,6570,-0.63,0.62,,,
,,,,,,,,,6580,-0.63,0.86,,,
,,,,,,,,,6590,-0.61,0.74,,,
,,,,,,,,,6600,-0.61,0.69,,,
,,,,,,,,,6610,-0.61,0.89,,,
,,,,,,,,,6620,-0.6,0.53,,,
,,,,,,,,,6630,-0.61,0.55,,,
,,,,,,,,,6640,-0.59,0.52,,,
,,,,,,,,,6650,-0.58,0.47,,,
,,,,,,,,,6660,-0.57,0.59,,,
,,,,,,,,,6670,-0.56,0.57,,,
,,,,,,,,,6680,-0.56,0.63,,,
,,,,,,,,,6690,-0.55,0.59,,,
,,,,,,,,,6700,-0.55,0.54,,,
,,,,,,,,,6710,-0.55,0.52,,,
,,,,,,,,,6720,-0.54,0.33,,,
,,,,,,,,,6730,-0.54,0.36,,,
,,,,,,,,,6740,-0.54,0.18,,,
,,,,,,,,,6750,-0.55,0.05,,,
,,,,,,,,,6760,-0.56,0.16,,,
,,,,,,,,,6770,-0.57,0.04,,,
,,,,,,,,,6780,-0.58,0.15,,,
,,,,,,,,,6790,-0.58,0.08,,,
,,,,,,,,,6800,-0.58,0.12,,,
,,,,,,,,,6810,-0.58,0.09,,,
,,,,,,,,,6820,-0.58,-0.02,,,
,,,,,,,,,6830,-0.59,-0.12,,,
,,,,,,,,,6840,-0.6,-0.2,,,
,,,,,,,,,6850,-0.61,-0.12,,,
,,,,,,,,,6860,-0.6,-0.14,,,
,,,,,,,,,6870,-0.59,0,,,
,,,,,,,,,6880,-0.58,0,,,
,,,,,,,,,6890,-0.57,-0.01,,,
,,,,,,,,,6900,-0.56,-0.1,,,
,,,,,,,,,6910,-0.54,-0.21,,,
,,,,,,,,,6920,-0.53,-0.3,,,
,,,,,,,,,6930,-0.52,-0.34,,,
,,,,,,,,,6940,-0.5,-0.43,,,
,,,,,,,,,6950,-0.48,-0.54,,,
,,,,,,,,,6960,-0.46,-0.55,,,
,,,,,,,,,6970,-0.46,-0.48,,,
,,,,,,,,,6980,-0.45,-0.4,,,
,,,,,,,,,6990,-0.46,-0.52,,,
,,,,,,,,,7000,-0.48,-0.57,,,
,,,,,,,,,7010,-0.49,-0.63,,,
,,,,,,,,,7020,-0.51,-0.69,,,
,,,,,,,,,7030,-0.51,-0.67,,,
,,,,,,,,,7040,-0.53,-0.58,,,
,,,,,,,,,7050,-0.53,-0.59,,,
,,,,,,,,,7060,-0.54,-0.43,,,
,,,,,,,,,7070,-0.55,-0.34,,,
,,,,,,,,,7080,-0.55,-0.43,,,
,,,,,,,,,7090,-0.56,-0.29,,,
,,,,,,,,,7100,-0.56,-0.38,,,
,,,,,,,,,7110,-0.55,-0.29,,,
,,,,,,,,,7120,-0.54,-0.2,,,
,,,,,,,,,7130,-0.52,-0.21,,,
,,,,,,,,,7140,-0.5,-0.11,,,
,,,,,,,,,7150,-0.48,-0.17,,,
,,,,,,,,,7160,-0.46,-0.13,,,
,,,,,,,,,7170,-0.44,-0.3,,,
,,,,,,,,,7180,-0.42,-0.35,,,
,,,,,,,,,7190,-0.41,-0.31,,,
,,,,,,,,,7200,-0.39,-0.43,,,
,,,,,,,,,7210,-0.39,-0.31,,,
,,,,,,,,,7220,-0.39,-0.39,,,
,,,,,,,,,7230,-0.39,-0.56,,,
,,,,,,,,,7240,-0.39,-0.44,,,
,,,,,,,,,7250,-0.4,-0.44,,,
,,,,,,,,,7260,-0.41,-0.5,,,
,,,,,,,,,7270,-0.42,-0.68,,,
,,,,,,,,,7280,-0.43,-0.89,,,
,,,,,,,,,7290,-0.45,-0.93,,,
,,,,,,,,,7300,-0.46,-0.86,,,
,,,,,,,,,7310,-0.47,-0.47,,,
,,,,,,,,,7320,-0.48,-0.66,,,
,,,,,,,,,7330,-0.48,-0.4,,,
,,,,,,,,,7340,-0.49,-0.53,,,
,,,,,,,,,7350,-0.49,-0.85,,,
,,,,,,,,,7360,-0.49,-0.6,,,
,,,,,,,,,7370,-0.49,-0.95,,,
,,,,,,,,,7380,-0.49,-0.74,,,
,,,,,,,,,7390,-0.48,-0.64,,,
,,,,,,,,,7400,-0.47,-0.68,,,
,,,,,,,,,7410,-0.46,-0.48,,,
,,,,,,,,,7420,-0.44,-0.48,,,
,,,,,,,,,7430,-0.43,-0.41,,,
,,,,,,,,,7440,-0.41,-0.45,,,
,,,,,,,,,7450,-0.4,-0.51,,,
,,,,,,,,,7460,-0.39,-0.54,,,
,,,,,,,,,7470,-0.38,-0.88,,,
,,,,,,,,,7480,-0.38,-0.73,,,
,,,,,,,,,7490,-0.37,-0.85,,,
,,,,,,,,,7500,-0.37,-0.92,,,
,,,,,,,,,7510,-0.37,-0.61,,,
,,,,,,,,,7520,-0.36,-0.75,,,
,,,,,,,,,7530,-0.36,-0.51,,,
,,,,,,,,,7540,-0.36,-0.68,,,
,,,,,,,,,7550,-0.35,-0.94,,,
,,,,,,,,,7560,-0.36,-1.09,,,
,,,,,,,,,7570,-0.35,-1.16,,,
,,,,,,,,,7580,-0.36,-0.98,,,
,,,,,,,,,7590,-0.37,-1.14,,,
,,,,,,,,,7600,-0.38,-0.88,,,
,,,,,,,,,7610,-0.39,-0.93,,,
,,,,,,,,,7620,-0.4,-0.99,,,
,,,,,,,,,7630,-0.42,-0.73,,,
,,,,,,,,,7640,-0.43,-0.99,,,
,,,,,,,,,7650,-0.45,-0.94,,,
,,,,,,,,,7660,-0.45,-1.03,,,
,,,,,,,,,7670,-0.46,-1.36,,,
,,,,,,,,,7680,-0.46,-1.03,,,
,,,,,,,,,7690,-0.46,-1.13,,,
,,,,,,,,,7700,-0.46,-1.09,,,
,,,,,,,,,7710,-0.46,-0.97,,,
,,,,,,,,,7720,-0.45,-1.22,,,
,,,,,,,,,7730,-0.44,-1.22,,,
,,,,,,,,,7740,-0.42,-1.56,,,
,,,,,,,,,7750,-0.41,-1.45,,,
,,,,,,,,,7760,-0.4,-1.7,,,
,,,,,,,,,7770,-0.38,-1.9,,,
,,,,,,,,,7780,-0.37,-1.84,,,
,,,,,,,,,7790,-0.36,-2.1,,,
,,,,,,,,,7800,-0.36,-1.84,,,
,,,,,,,,,7810,-0.35,-1.93,,,
,,,,,,,,,7820,-0.35,-1.95,,,
,,,,,,,,,7830,-0.35,-2.03,,,
,,,,,,,,,7840,-0.34,-2.17,,,
,,,,,,,,,7850,-0.34,-2.09,,,
,,,,,,,,,7860,-0.35,-2.23,,,
,,,,,,,,,7870,-0.35,-2.3,,,
,,,,,,,,,7880,-0.34,-2.39,,,
,,,,,,,,,7890,-0.33,-2.36,,,
,,,,,,,,,7900,-0.32,-1.96,,,
,,,,,,,,,7910,-0.29,-1.93,,,
,,,,,,,,,7920,-0.28,-1.86,,,
,,,,,,,,,7930,-0.26,-1.85,,,
,,,,,,,,,7940,-0.25,-2.26,,,
,,,,,,,,,7950,-0.25,-2.05,,,
,,,,,,,,,7960,-0.24,-2.22,,,
,,,,,,,,,7970,-0.25,-2.19,,,
,,,,,,,,,7980,-0.26,-2.19,,,
,,,,,,,,,7990,-0.27,-2.45,,,
,,,,,,,,,8000,-0.29,-2.35,,,