32233,,SH600 Used to create Cal File,,,,,,,,,,,,,,Test time: about 20 minutes,,,,,,,,,,,,,,,,,,,,Test Time: about 80 minutes
Monthly Horn Check,, ,,,,,,,,,,,,,,,,,,,,,,,,,,,,,,,,,,
,,,,,,,,,,,,,,,,,,,,,,,,,,,,,,,,,,,,
,,Test time: about 2.5 hours,,,,,,,,,,,,,,,,,,,,,,,,,,,,,,,,,,
,,,,,,,,,,,,,,,, ,,,,,,,,,,,,,,,,,,,,
,,Horn,Reference Data,Date, , , ,,,,,,,Horn,Reference Data,Date,,,,,,,,,,,,,,Not using these horns for cal file anymore.,,,,,,
,,SH400,NIST,3/3/26,,,,,,,,,,SH2000-457,NIST,3/3/2026,,,,,,,,,,,,,,SH400 &SH2000 combined to make cal file,,Monthly,Monthly,,,
,,Frequency (MHz),Efficiency* (dB),Efficiency,,,,,,,,,,Frequency (MHz),Efficiency* (dB),Efficiency,,,,,,,,,,,,,,SH600,NIST,6/23/2023,11/20/2023,,,
,,600,-0.09,0.5,,,,,,,,,,2000,-0.9,-0.63,,,,,,,,,,,,,,Frequency (MHz),Efficiency* (dB),Efficiency,Efficiency,,,
,,610,-0.09,0.47,,,,,,,,,,2020,-0.74,-0.44,,,,,,,,,,,,,,600,-0.33,-0.55,-0.89,,,
,,620,-0.11,0.46,,,,,,,,,,2040,-0.6,-0.32,,,,,,,,,,,,,,610,-0.27,-0.41,-0.76,,,
,,630,-0.13,0.45,,,,,,,,,,2060,-0.47,-0.23,,,,,,,,,,,,,,620,-0.22,-0.39,-0.74,,,
,,640,-0.16,0.43,,,,,,,,,,2080,-0.37,-0.04,,,,,,,,,,,,,,630,-0.2,-0.55,-0.91,,,
,,650,-0.2,0.37,,,,,,,,,,2100,-0.28,0.1,,,,,,,,,,,,,,640,-0.18,-0.67,-1.04,,,
,,660,-0.24,0.31,,,,,,,,,,2120,-0.22,0.1,,,,,,,,,,,,,,650,-0.16,-0.51,-0.89,,,
,,670,-0.29,0.27,,,,,,,,,,2140,-0.18,0.07,,,,,,,,,,,,,,660,-0.15,-0.53,-0.9,,,
,,680,-0.34,0.22,,,,,,,,,,2160,-0.16,0.12,,,,,,,,,,,,,,670,-0.13,-0.75,-1.13,,,
,,690,-0.39,0.15,,,,,,,,,,2180,-0.14,0.15,,,,,,,,,,,,,,680,-0.13,-0.48,-0.87,,,
,,700,-0.43,0.1,,,,,,,,,,2200,-0.14,0.1,,,,,,,,,,,,,,690,-0.12,-0.29,-0.69,,,
,,710,-0.47,0.09,,,,,,,,,,2220,-0.15,0.01,,,,,,,,,,,,,,700,-0.12,-0.43,-0.83,,,
,,720,-0.5,-0.03,,,,,,,,,,2240,-0.18,-0.01,,,,,,,,,,,,,,710,-0.11,-0.54,-0.94,,,
,,730,-0.52,-0.03,,,,,,,,,,2260,-0.2,-0.03,,,,,,,,,,,,,,720,-0.11,-0.34,-0.76,,,
,,740,-0.53,-0.12,,,,,,,,,,2280,-0.23,-0.13,,,,,,,,,,,,,,730,-0.11,-0.27,-0.69,,,
,,750,-0.54,-0.1,,,,,,,,,,2300,-0.27,-0.2,,,,,,,,,,,,,,740,-0.12,-0.32,-0.76,,,
,,760,-0.54,-0.14,,,,,,,,,,2320,-0.31,-0.21,,,,,,,,,,,,,,750,-0.12,-0.31,-0.77,,,
,,770,-0.54,-0.15,,,,,,,,,,2340,-0.35,-0.25,,,,,,,,,,,,,,760,-0.12,-0.24,-0.71,,,
,,780,-0.53,-0.1,,,,,,,,,,2360,-0.38,-0.37,,,,,,,,,,,,,,770,-0.12,-0.23,-0.69,,,
,,790,-0.51,-0.09,,,,,,,,,,2380,-0.42,-0.42,,,,,,,,,,,,,,780,-0.12,-0.22,-0.67,,,
,,800,-0.49,0,,,,,,,,,,2400,-0.46,-0.37,,,,,,,,,,,,,,790,-0.12,-0.26,-0.69,,,
,,810,-0.45,0.03,,,,,,,,,,2420,-0.49,-0.41,,,,,,,,,,,,,,800,-0.12,-0.19,-0.62,,,
,,820,-0.41,0.1,,,,,,,,,,2440,-0.53,-0.48,,,,,,,,,,,,,,810,-0.11,-0.18,-0.6,,,
,,830,-0.37,0.08,,,,,,,,,,2460,-0.57,-0.48,,,,,,,,,,,,,,820,-0.11,-0.14,-0.58,,,
,,840,-0.33,0.14,,,,,,,,,,2480,-0.6,-0.45,,,,,,,,,,,,,,830,-0.11,-0.1,-0.55,,,
,,850,-0.28,0.14,,,,,,,,,,2500,-0.63,-0.47,,,,,,,,,,,,,,840,-0.1,0.02,-0.44,,,
,,860,-0.24,0.18,,,,,,,,,,2520,-0.65,-0.5,,,,,,,,,,,,,,850,-0.1,0.08,-0.39,,,
,,870,-0.19,0.2,,,,,,,,,,2540,-0.68,-0.53,,,,,,,,,,,,,,860,-0.09,0.12,-0.35,,,
,,880,-0.14,0.25,,,,,,,,,,2560,-0.71,-0.46,,,,,,,,,,,,,,870,-0.08,0.21,-0.27,,,
,,890,-0.11,0.31,,,,,,,,,,2580,-0.73,-0.4,,,,,,,,,,,,,,880,-0.08,0.18,-0.3,,,
,,900,-0.09,0.34,,,,,,,,,,2600,-0.74,-0.44,,,,,,,,,,,,,,890,-0.07,0.14,-0.32,,,
,,910,-0.09,0.34,,,,,,,,,,2620,-0.75,-0.47,,,,,,,,,,,,,,900,-0.06,0.19,-0.25,,,
,,920,-0.13,0.3,,,,,,,,,,2640,-0.77,-0.39,,,,,,,,,,,,,,910,-0.06,0.15,-0.27,,,
,,930,-0.19,0.22,,,,,,,,,,2660,-0.78,-0.36,,,,,,,,,,,,,,920,-0.06,0.16,-0.26,,,
,,940,-0.26,0.15,,,,,,,,,,2680,-0.79,-0.38,,,,,,,,,,,,,,930,-0.08,0.15,-0.28,,,
,,950,-0.34,0.08,,,,,,,,,,2700,-0.8,-0.34,,,,,,,,,,,,,,940,-0.1,0.11,-0.31,,,
,,960,-0.4,-0.01,,,,,,,,,,2720,-0.81,-0.35,,,,,,,,,,,,,,950,-0.12,0.04,-0.39,,,
,,970,-0.44,-0.08,,,,,,,,,,2740,-0.81,-0.39,,,,,,,,,,,,,,960,-0.15,0.09,-0.33,,,
,,980,-0.46,-0.11,,,,,,,,,,2760,-0.82,-0.38,,,,,,,,,,,,,,970,-0.19,0.04,-0.37,,,
,,990,-0.46,-0.16,,,,,,,,,,2780,-0.81,-0.39,,,,,,,,,,,,,,980,-0.23,-0.11,-0.54,,,
,,1000,-0.47,-0.12,,,,,,,,,,2800,-0.81,-0.37,,,,,,,,,,,,,,990,-0.27,-0.13,-0.55,,,
,,1010,-0.47,-0.14,,,,,,,,,,2820,-0.8,-0.35,,,,,,,,,,,,,,1000,-0.31,-0.11,-0.51,,,
,,1020,-0.47,-0.12,,,,,,,,,,2840,-0.8,-0.36,,,,,,,,,,,,,,1010,-0.35,-0.24,-0.6,,,
,,1030,-0.48,-0.17,,,,,,,,,,2860,-0.8,-0.41,,,,,,,,,,,,,,1020,-0.4,-0.36,-0.69,,,
,,1040,-0.48,-0.24,,,,,,,,,,2880,-0.79,-0.33,,,,,,,,,,,,,,1030,-0.43,-0.31,-0.64,,,
,,1050,-0.48,-0.25,,,,,,,,,,2900,-0.79,-0.38,,,,,,,,,,,,,,1040,-0.46,-0.23,-0.59,,,
,,1060,-0.48,-0.38,,,,,,,,,,2920,-0.79,-0.44,,,,,,,,,,,,,,1050,-0.49,-0.34,-0.75,,,
,,1070,-0.48,-0.32,,,,,,,,,,2940,-0.8,-0.46,,,,,,,,,,,,,,1060,-0.53,-0.35,-0.8,,,
,,1080,-0.47,-0.36,,,,,,,,,,2960,-0.81,-0.47,,,,,,,,,,,,,,1070,-0.55,-0.19,-0.67,,,
,,1090,-0.45,-0.32,,,,,,,,,,2980,-0.81,-0.57,,,,,,,,,,,,,,1080,-0.57,-0.27,-0.74,,,
,,1100,-0.43,-0.3,,,,,,,,,,3000,-0.81,-0.63,,,,,,,,,,,,,,1090,-0.59,-0.39,-0.84,,,
,,1110,-0.4,-0.21,,,,,,,,,,3020,-0.82,-0.66,,,,,,,,,,,,,,1100,-0.6,-0.26,-0.68,,,
,,1120,-0.37,-0.13,,,,,,,,,,3040,-0.82,-0.69,,,,,,,,,,,,,,1110,-0.61,-0.07,-0.49,,,
,,1130,-0.34,-0.16,,,,,,,,,,3060,-0.82,-0.6,,,,,,,,,,,,,,1120,-0.62,-0.33,-0.73,,,
,,1140,-0.3,-0.09,,,,,,,,,,3080,-0.82,-0.59,,,,,,,,,,,,,,1130,-0.63,-0.43,-0.84,,,
,,1150,-0.26,-0.09,,,,,,,,,,3100,-0.81,-0.57,,,,,,,,,,,,,,1140,-0.64,-0.26,-0.7,,,
,,1160,-0.22,-0.08,,,,,,,,,,3120,-0.79,-0.55,,,,,,,,,,,,,,1150,-0.64,-0.16,-0.63,,,
,,1170,-0.19,-0.09,,,,,,,,,,3140,-0.78,-0.52,,,,,,,,,,,,,,1160,-0.63,-0.19,-0.71,,,
,,1180,-0.16,-0.02,,,,,,,,,,3160,-0.76,-0.52,,,,,,,,,,,,,,1170,-0.62,-0.14,-0.68,,,
,,1190,-0.14,0.02,,,,,,,,,,3180,-0.74,-0.49,,,,,,,,,,,,,,1180,-0.6,-0.08,-0.61,,,
,,1200,-0.13,0.11,,,,,,,,,,3200,-0.71,-0.46,,,,,,,,,,,,,,1190,-0.58,-0.11,-0.61,,,
,,1210,-0.12,0.13,,,,,,,,,,3220,-0.68,-0.55,,,,,,,,,,,,,,1200,-0.55,-0.17,-0.63,,,
,,1220,-0.12,0.16,,,,,,,,,,3240,-0.67,-0.48,,,,,,,,,,,,,,1210,-0.51,-0.13,-0.58,,,
,,1230,-0.13,0.14,,,,,,,,,,3260,-0.65,-0.51,,,,,,,,,,,,,,1220,-0.48,-0.09,-0.55,,,
,,1240,-0.14,0.14,,,,,,,,,,3280,-0.64,-0.47,,,,,,,,,,,,,,1230,-0.45,-0.07,-0.54,,,
,,1250,-0.16,0.11,,,,,,,,,,3300,-0.63,-0.53,,,,,,,,,,,,,,1240,-0.41,-0.07,-0.53,,,
,,1260,-0.19,0.08,,,,,,,,,,3320,-0.62,-0.55,,,,,,,,,,,,,,1250,-0.38,-0.04,-0.48,,,
,,1270,-0.23,0.07,,,,,,,,,,3340,-0.61,-0.6,,,,,,,,,,,,,,1260,-0.35,0.01,-0.42,,,
,,1280,-0.27,-0.08,,,,,,,,,,3360,-0.6,-0.61,,,,,,,,,,,,,,1270,-0.32,0.04,-0.38,,,
,,1290,-0.32,-0.03,,,,,,,,,,3380,-0.59,-0.6,,,,,,,,,,,,,,1280,-0.29,0.07,-0.36,,,
,,1300,-0.36,-0.17,,,,,,,,,,3400,-0.57,-0.53,,,,,,,,,,,,,,1290,-0.25,0.06,-0.39,,,
,,1310,-0.39,-0.18,,,,,,,,,,3420,-0.55,-0.51,,,,,,,,,,,,,,1300,-0.21,0.14,-0.32,,,
,,1320,-0.42,-0.24,,,,,,,,,,3440,-0.52,-0.48,,,,,,,,,,,,,,1310,-0.18,0.14,-0.31,,,
,,1330,-0.44,-0.21,,,,,,,,,,3460,-0.5,-0.41,,,,,,,,,,,,,,1320,-0.15,0.16,-0.27,,,
,,1340,-0.45,-0.21,,,,,,,,,,3480,-0.48,-0.32,,,,,,,,,,,,,,1330,-0.13,0.14,-0.26,,,
,,1350,-0.46,-0.28,,,,,,,,,,3500,-0.46,-0.25,,,,,,,,,,,,,,1340,-0.12,0.22,-0.17,,,
,,1360,-0.44,-0.24,,,,,,,,,,3520,-0.44,-0.19,,,,,,,,,,,,,,1350,-0.12,0.19,-0.21,,,
,,1370,-0.43,-0.28,,,,,,,,,,3540,-0.42,-0.2,,,,,,,,,,,,,,1360,-0.13,0.2,-0.22,,,
,,1380,-0.4,-0.21,,,,,,,,,,3560,-0.41,-0.25,,,,,,,,,,,,,,1370,-0.16,0.23,-0.2,,,
,,1390,-0.37,-0.18,,,,,,,,,,3580,-0.41,-0.24,,,,,,,,,,,,,,1380,-0.2,0.34,-0.08,,,
,,1400,-0.34,-0.17,,,,,,,,,,3600,-0.4,-0.19,,,,,,,,,,,,,,1390,-0.25,0.09,-0.33,,,
,,1410,-0.3,-0.14,,,,,,,,,,3620,-0.4,-0.21,,,,,,,,,,,,,,1400,-0.32,-0.16,-0.58,,,
,,1420,-0.27,-0.12,,,,,,,,,,3640,-0.39,-0.26,,,,,,,,,,,,,,1410,-0.38,-0.03,-0.46,,,
,,1430,-0.24,-0.07,,,,,,,,,,3660,-0.39,-0.24,,,,,,,,,,,,,,1420,-0.45,0.22,-0.22,,,
,,1440,-0.22,-0.08,,,,,,,,,,3680,-0.39,-0.24,,,,,,,,,,,,,,1430,-0.51,-0.03,-0.48,,,
,,1450,-0.2,-0.02,,,,,,,,,,3700,-0.38,-0.26,,,,,,,,,,,,,,1440,-0.55,-0.32,-0.76,,,
,,1460,-0.18,-0.04,,,,,,,,,,3720,-0.38,-0.25,,,,,,,,,,,,,,1450,-0.58,-0.24,-0.67,,,
,,1470,-0.16,-0.01,,,,,,,,,,3740,-0.38,-0.26,,,,,,,,,,,,,,1460,-0.61,-0.08,-0.5,,,
,,1480,-0.15,-0.04,,,,,,,,,,3760,-0.37,-0.25,,,,,,,,,,,,,,1470,-0.63,-0.22,-0.65,,,
,,1490,-0.13,0,,,,,,,,,,3780,-0.37,-0.32,,,,,,,,,,,,,,1480,-0.64,-0.29,-0.75,,,
,,1500,-0.12,0.03,,,,,,,,,,3800,-0.37,-0.28,,,,,,,,,,,,,,1490,-0.65,-0.12,-0.59,,,
,,1510,-0.12,0.08,,,,,,,,,,3820,-0.38,-0.24,,,,,,,,,,,,,,1500,-0.64,-0.1,-0.56,,,
,,1520,-0.12,0.07,,,,,,,,,,3840,-0.38,-0.22,,,,,,,,,,,,,,1510,-0.64,-0.23,-0.69,,,
,,1530,-0.12,0.08,,,,,,,,,,3860,-0.38,-0.17,,,,,,,,,,,,,,1520,-0.64,-0.21,-0.67,,,
,,1540,-0.12,0.12,,,,,,,,,,3880,-0.39,-0.2,,,,,,,,,,,,,,1530,-0.63,-0.12,-0.57,,,
,,1550,-0.13,0.08,,,,,,,,,,3900,-0.4,-0.18,,,,,,,,,,,,,,1540,-0.63,-0.22,-0.67,,,
,,1560,-0.14,0.15,,,,,,,,,,3920,-0.4,-0.2,,,,,,,,,,,,,,1550,-0.64,-0.26,-0.7,,,
,,1570,-0.15,0.12,,,,,,,,,,3940,-0.41,-0.22,,,,,,,,,,,,,,1560,-0.65,-0.23,-0.66,,,
,,1580,-0.16,0.18,,,,,,,,,,3960,-0.42,-0.24,,,,,,,,,,,,,,1570,-0.65,-0.22,-0.65,,,
,,1590,-0.18,0.13,,,,,,,,,,3980,-0.42,-0.3,,,,,,,,,,,,,,1580,-0.65,-0.3,-0.73,,,
,,1600,-0.19,0.2,,,,,,,,,,4000,-0.43,-0.26,,,,,,,,,,,,,,1590,-0.64,-0.28,-0.72,,,
,,1610,-0.2,0.04,,,,,,,,,,4020,-0.43,-0.31,,,,,,,,,,,,,,1600,-0.64,-0.27,-0.72,,,
,,1620,-0.21,0.07,,,,,,,,,,4040,-0.44,-0.31,,,,,,,,,,,,,,1610,-0.62,-0.24,-0.7,,,
,,1630,-0.21,0.12,,,,,,,,,,4060,-0.45,-0.34,,,,,,,,,,,,,,1620,-0.61,-0.26,-0.71,,,
,,1640,-0.22,0.04,,,,,,,,,,4080,-0.45,-0.39,,,,,,,,,,,,,,1630,-0.59,-0.22,-0.67,,,
,,1650,-0.22,0.18,,,,,,,,,,4100,-0.46,-0.44,,,,,,,,,,,,,,1640,-0.56,-0.18,-0.62,,,
,,1660,-0.22,0.1,,,,,,,,,,4120,-0.47,-0.5,,,,,,,,,,,,,,1650,-0.54,-0.21,-0.65,,,
,,1670,-0.22,0.14,,,,,,,,,,4140,-0.48,-0.47,,,,,,,,,,,,,,1660,-0.52,-0.17,-0.61,,,
,,1680,-0.22,0.07,,,,,,,,,,4160,-0.49,-0.5,,,,,,,,,,,,,,1670,-0.5,-0.16,-0.61,,,
,,1690,-0.21,0.13,,,,,,,,,,4180,-0.49,-0.49,,,,,,,,,,,,,,1680,-0.47,-0.07,-0.51,,,
,,1700,-0.2,0.08,,,,,,,,,,4200,-0.5,-0.41,,,,,,,,,,,,,,1690,-0.44,0.02,-0.43,,,
,,1710,-0.19,0.11,,,,,,,,,,4220,-0.51,-0.42,,,,,,,,,,,,,,1700,-0.42,0.04,-0.42,,,
,,1720,-0.18,0.17,,,,,,,,,,4240,-0.52,-0.32,,,,,,,,,,,,,,1710,-0.39,-0.01,-0.47,,,
,,1730,-0.17,0.19,,,,,,,,,,4260,-0.53,-0.38,,,,,,,,,,,,,,1720,-0.36,0.03,-0.44,,,
,,1740,-0.16,0.19,,,,,,,,,,4280,-0.53,-0.35,,,,,,,,,,,,,,1730,-0.33,0.13,-0.33,,,
,,1750,-0.16,0.19,,,,,,,,,,4300,-0.54,-0.38,,,,,,,,,,,,,,1740,-0.3,0.11,-0.34,,,
,,1760,-0.15,0.19,,,,,,,,,,4320,-0.55,-0.43,,,,,,,,,,,,,,1750,-0.27,0.05,-0.4,,,
,,1770,-0.14,0.19,,,,,,,,,,4340,-0.56,-0.41,,,,,,,,,,,,,,1760,-0.25,0.15,-0.3,,,
,,1780,-0.13,0.21,,,,,,,,,,4360,-0.56,-0.49,,,,,,,,,,,,,,1770,-0.23,0.26,-0.18,,,
,,1790,-0.12,0.18,,,,,,,,,,4380,-0.57,-0.52,,,,,,,,,,,,,,1780,-0.21,0.15,-0.28,,,
,,1800,-0.11,0.19,,,,,,,,,,4400,-0.57,-0.58,,,,,,,,,,,,,,1790,-0.2,0.07,-0.36,,,
,,1810,-0.11,0.14,,,,,,,,,,4420,-0.58,-0.6,,,,,,,,,,,,,,1800,-0.19,0.19,-0.25,,,
,,1820,-0.1,0.15,,,,,,,,,,4440,-0.58,-0.69,,,,,,,,,,,,,,1810,-0.19,0.28,-0.16,,,
,,1830,-0.1,0.13,,,,,,,,,,4460,-0.59,-0.7,,,,,,,,,,,,,,1820,-0.19,0.18,-0.26,,,
,,1840,-0.1,0.14,,,,,,,,,,4480,-0.59,-0.68,,,,,,,,,,,,,,1830,-0.2,0.12,-0.32,,,
,,1850,-0.1,0.15,,,,,,,,,,4500,-0.6,-0.73,,,,,,,,,,,,,,1840,-0.21,0.21,-0.23,,,
,,1860,-0.1,0.11,,,,,,,,,,4520,-0.6,-0.7,,,,,,,,,,,,,,1850,-0.22,0.21,-0.24,,,
,,1870,-0.1,0.17,,,,,,,,,,4540,-0.6,-0.61,,,,,,,,,,,,,,1860,-0.25,0.1,-0.34,,,
,,1880,-0.1,0.13,,,,,,,,,,4560,-0.61,-0.52,,,,,,,,,,,,,,1870,-0.27,0.07,-0.36,,,
,,1890,-0.1,0.2,,,,,,,,,,4580,-0.62,-0.42,,,,,,,,,,,,,,1880,-0.31,0.17,-0.27,,,
,,1900,-0.1,0.19,,,,,,,,,,4600,-0.62,-0.53,,,,,,,,,,,,,,1890,-0.34,0.11,-0.33,,,
,,1910,-0.1,0.18,,,,,,,,,,4620,-0.62,-0.44,,,,,,,,,,,,,,1900,-0.38,-0.02,-0.45,,,
,,1920,-0.11,0.2,,,,,,,,,,4640,-0.62,-0.43,,,,,,,,,,,,,,1910,-0.42,-0.06,-0.49,,,
,,1930,-0.11,0.15,,,,,,,,,,4660,-0.63,-0.43,,,,,,,,,,,,,,1920,-0.46,-0.06,-0.5,,,
,,1940,-0.11,0.18,,,,,,,,,,4680,-0.63,-0.49,,,,,,,,,,,,,,1930,-0.49,-0.08,-0.53,,,
,,1950,-0.11,0.12,,,,,,,,,,4700,-0.63,-0.54,,,,,,,,,,,,,,1940,-0.53,-0.13,-0.59,,,
,,1960,-0.11,0.2,,,,,,,,,,4720,-0.62,-0.49,,,,,,,,,,,,,,1950,-0.56,-0.11,-0.56,,,
,,1970,-0.12,0.17,,,,,,,,,,4740,-0.62,-0.57,,,,,,,,,,,,,,1960,-0.59,-0.2,-0.63,,,
,,1980,-0.12,0.2,,,,,,,,,,4760,-0.62,-0.59,,,,,,,,,,,,,,1970,-0.61,-0.28,-0.69,,,
,,1990,-0.12,0.14,,,,,,,,,,4780,-0.62,-0.6,,,,,,,,,,,,,,1980,-0.63,-0.31,-0.72,,,
,,2000,-0.12,0.15,,,,,,,,,,4800,-0.62,-0.57,,,,,,,,,,,,,,1990,-0.64,-0.28,-0.69,,,
,,2010,-0.12,0.16,,,,,,,,,,4820,-0.62,-0.58,,,,,,,,,,,,,,2000,-0.64,-0.31,-0.72,,,
,,2020,-0.12,0.16,,,,,,,,,,4840,-0.62,-0.65,,,,,,,,,,,,,,2010,-0.63,-0.26,-0.68,,,
,,2030,-0.12,0.14,,,,,,,,,,4860,-0.62,-0.53,,,,,,,,,,,,,,2020,-0.62,-0.24,-0.67,,,
,,2040,-0.12,0.16,,,,,,,,,,4880,-0.62,-0.53,,,,,,,,,,,,,,2030,-0.61,-0.27,-0.69,,,
,,2050,-0.12,0.15,,,,,,,,,,4900,-0.62,-0.43,,,,,,,,,,,,,,2040,-0.59,-0.22,-0.65,,,
,,2060,-0.12,0.15,,,,,,,,,,4920,-0.61,-0.42,,,,,,,,,,,,,,2050,-0.57,-0.08,-0.5,,,
,,2070,-0.12,0.18,,,,,,,,,,4940,-0.61,-0.43,,,,,,,,,,,,,,2060,-0.55,-0.1,-0.52,,,
,,2080,-0.12,0.15,,,,,,,,,,4960,-0.6,-0.33,,,,,,,,,,,,,,2070,-0.52,-0.2,-0.62,,,
,,2090,-0.12,0.18,,,,,,,,,,4980,-0.6,-0.41,,,,,,,,,,,,,,2080,-0.5,-0.14,-0.55,,,
,,2100,-0.12,0.14,,,,,,,,,,5000,-0.59,-0.32,,,,,,,,,,,,,,2090,-0.47,-0.07,-0.46,,,
,,2110,-0.12,0.18,,,,,,,,,,5020,-0.58,-0.36,,,,,,,,,,,,,,2100,-0.44,-0.04,-0.42,,,
,,2120,-0.12,0.12,,,,,,,,,,5040,-0.58,-0.33,,,,,,,,,,,,,,2110,-0.41,-0.02,-0.4,,,
,,2130,-0.12,0.17,,,,,,,,,,5060,-0.57,-0.36,,,,,,,,,,,,,,2120,-0.38,0.07,-0.32,,,
,,2140,-0.12,0.12,,,,,,,,,,5080,-0.56,-0.32,,,,,,,,,,,,,,2130,-0.35,-0.02,-0.42,,,
,,2150,-0.12,0.12,,,,,,,,,,5100,-0.56,-0.28,,,,,,,,,,,,,,2140,-0.33,0.01,-0.41,,,
,,2160,-0.12,0.12,,,,,,,,,,5120,-0.55,-0.31,,,,,,,,,,,,,,2150,-0.3,0.17,-0.25,,,
,,2170,-0.12,0.09,,,,,,,,,,5140,-0.54,-0.22,,,,,,,,,,,,,,2160,-0.28,0.2,-0.22,,,
,,2180,-0.11,0.1,,,,,,,,,,5160,-0.53,-0.26,,,,,,,,,,,,,,2170,-0.26,-0.02,-0.42,,,
,,2190,-0.11,0.07,,,,,,,,,,5180,-0.52,-0.18,,,,,,,,,,,,,,2180,-0.25,-0.05,-0.45,,,
,,2200,-0.11,0.1,,,,,,,,,,5200,-0.51,-0.21,,,,,,,,,,,,,,2190,-0.23,0.22,-0.18,,,
,,2210,-0.1,0.07,,,,,,,,,,5220,-0.5,-0.2,,,,,,,,,,,,,,2200,-0.22,0.2,-0.19,,,
,,2220,-0.1,0.09,,,,,,,,,,5240,-0.49,-0.2,,,,,,,,,,,,,,2210,-0.21,0.03,-0.36,,,
,,2230,-0.09,0.11,,,,,,,,,,5260,-0.48,-0.25,,,,,,,,,,,,,,2220,-0.2,0.06,-0.33,,,
,,2240,-0.09,0.1,,,,,,,,,,5280,-0.47,-0.15,,,,,,,,,,,,,,2230,-0.19,0.23,-0.17,,,
,,2250,-0.09,0.11,,,,,,,,,,5300,-0.45,-0.21,,,,,,,,,,,,,,2240,-0.19,0.15,-0.25,,,
,,2260,-0.09,0.08,,,,,,,,,,5320,-0.44,-0.15,,,,,,,,,,,,,,2250,-0.19,-0.03,-0.43,,,
,,2270,-0.09,0.08,,,,,,,,,,5340,-0.43,-0.19,,,,,,,,,,,,,,2260,-0.19,0.06,-0.34,,,
,,2280,-0.09,0.06,,,,,,,,,,5360,-0.42,-0.17,,,,,,,,,,,,,,2270,-0.19,0.16,-0.23,,,
,,2290,-0.09,0.07,,,,,,,,,,5380,-0.41,-0.14,,,,,,,,,,,,,,2280,-0.2,0.16,-0.23,,,
,,2300,-0.09,0.06,,,,,,,,,,5400,-0.4,-0.15,,,,,,,,,,,,,,2290,-0.21,0.08,-0.31,,,
,,2310,-0.09,0.06,,,,,,,,,,5420,-0.39,-0.11,,,,,,,,,,,,,,2300,-0.22,0.09,-0.31,,,
,,2320,-0.1,0.03,,,,,,,,,,5440,-0.37,-0.1,,,,,,,,,,,,,,2310,-0.23,0.04,-0.36,,,
,,2330,-0.1,0.01,,,,,,,,,,5460,-0.36,-0.05,,,,,,,,,,,,,,2320,-0.25,0.04,-0.35,,,
,,2340,-0.11,0,,,,,,,,,,5480,-0.35,-0.09,,,,,,,,,,,,,,2330,-0.26,0.02,-0.37,,,
,,2350,-0.12,-0.02,,,,,,,,,,5500,-0.34,-0.08,,,,,,,,,,,,,,2340,-0.27,-0.03,-0.43,,,
,,2360,-0.13,-0.02,,,,,,,,,,5520,-0.34,-0.03,,,,,,,,,,,,,,2350,-0.29,0.03,-0.38,,,
,,2370,-0.13,0,,,,,,,,,,5540,-0.33,-0.07,,,,,,,,,,,,,,2360,-0.31,0.09,-0.32,,,
,,2380,-0.14,0.02,,,,,,,,,,5560,-0.32,-0.06,,,,,,,,,,,,,,2370,-0.32,0.11,-0.3,,,
,,2390,-0.15,0,,,,,,,,,,5580,-0.31,-0.09,,,,,,,,,,,,,,2380,-0.34,-0.06,-0.46,,,
,,2400,-0.15,0.03,,,,,,,,,,5600,-0.31,-0.04,,,,,,,,,,,,,,2390,-0.35,-0.01,-0.4,,,
,,2410,-0.16,0.01,,,,,,,,,,5620,-0.3,-0.09,,,,,,,,,,,,,,2400,-0.36,0,-0.39,,,
,,2420,-0.16,0.03,,,,,,,,,,5640,-0.3,-0.1,,,,,,,,,,,,,,2410,-0.37,-0.06,-0.47,,,
,,2430,-0.16,-0.01,,,,,,,,,,5660,-0.29,-0.05,,,,,,,,,,,,,,2420,-0.38,-0.08,-0.5,,,
,,2440,-0.16,0.03,,,,,,,,,,5680,-0.29,-0.08,,,,,,,,,,,,,,2430,-0.39,0.09,-0.35,,,
,,2450,-0.17,0.04,,,,,,,,,,5700,-0.28,-0.07,,,,,,,,,,,,,,2440,-0.4,0.09,-0.35,,,
,,2460,-0.17,0.04,,,,,,,,,,5720,-0.28,-0.06,,,,,,,,,,,,,,2450,-0.4,-0.06,-0.51,,,
,,2470,-0.16,0.08,,,,,,,,,,5740,-0.28,-0.04,,,,,,,,,,,,,,2460,-0.4,-0.07,-0.51,,,
,,2480,-0.16,0.02,,,,,,,,,,5760,-0.28,-0.05,,,,,,,,,,,,,,2470,-0.4,-0.08,-0.52,,,
,,2490,-0.16,0.07,,,,,,,,,,5780,-0.28,-0.05,,,,,,,,,,,,,,2480,-0.4,-0.07,-0.5,,,
,,2500,-0.15,0.06,,,,,,,,,,5800,-0.28,-0.04,,,,,,,,,,,,,,2490,-0.4,-0.15,-0.57,,,
,,2510,-0.15,0.08,,,,,,,,,,5820,-0.28,-0.06,,,,,,,,,,,,,,2500,-0.39,0.08,-0.35,,,
,,2520,-0.15,0.08,,,,,,,,,,5840,-0.28,-0.06,,,,,,,,,,,,,,2510,-0.38,-0.02,-0.44,,,
,,2530,-0.14,0.06,,,,,,,,,,5860,-0.29,-0.1,,,,,,,,,,,,,,2520,-0.38,-0.24,-0.67,,,
,,2540,-0.14,0.04,,,,,,,,,,5880,-0.29,-0.07,,,,,,,,,,,,,,2530,-0.37,-0.19,-0.62,,,
,,2550,-0.13,-0.01,,,,,,,,,,5900,-0.29,-0.09,,,,,,,,,,,,,,2540,-0.36,0.1,-0.33,,,
,,2560,-0.13,-0.02,,,,,,,,,,5920,-0.3,-0.11,,,,,,,,,,,,,,2550,-0.35,0.07,-0.36,,,
,,2570,-0.12,-0.05,,,,,,,,,,5940,-0.3,-0.09,,,,,,,,,,,,,,2560,-0.34,-0.14,-0.57,,,
,,2580,-0.12,-0.03,,,,,,,,,,5960,-0.31,-0.13,,,,,,,,,,,,,,2570,-0.33,-0.1,-0.53,,,
,,2590,-0.12,-0.04,,,,,,,,,,5980,-0.31,-0.14,,,,,,,,,,,,,,2580,-0.32,-0.01,-0.43,,,
,,2600,-0.12,-0.02,,,,,,,,,,6000,-0.32,-0.14,,,,,,,,,,,,,,2590,-0.31,0.02,-0.39,,,
,,2610,-0.13,-0.03,,,,,,,,,,6020,-0.32,-0.17,,,,,,,,,,,,,,2600,-0.3,-0.01,-0.41,,,
,,2620,-0.13,-0.03,,,,,,,,,,6040,-0.33,-0.15,,,,,,,,,,,,,,2610,-0.28,0.12,-0.29,,,
,,2630,-0.13,-0.07,,,,,,,,,,6060,-0.33,-0.16,,,,,,,,,,,,,,2620,-0.27,0.11,-0.3,,,
,,2640,-0.14,-0.07,,,,,,,,,,6080,-0.34,-0.18,,,,,,,,,,,,,,2630,-0.26,0.18,-0.24,,,
,,2650,-0.14,-0.08,,,,,,,,,,6100,-0.34,-0.19,,,,,,,,,,,,,,2640,-0.25,0.18,-0.23,,,
,,2660,-0.15,-0.06,,,,,,,,,,6120,-0.35,-0.21,,,,,,,,,,,,,,2650,-0.23,0.24,-0.18,,,
,,2670,-0.16,-0.05,,,,,,,,,,6140,-0.35,-0.21,,,,,,,,,,,,,,2660,-0.22,0.22,-0.2,,,
,,2680,-0.17,-0.04,,,,,,,,,,6160,-0.35,-0.22,,,,,,,,,,,,,,2670,-0.21,0.26,-0.15,,,
,,2690,-0.17,-0.01,,,,,,,,,,6180,-0.36,-0.24,,,,,,,,,,,,,,2680,-0.2,0.24,-0.17,,,
,,2700,-0.18,-0.02,,,,,,,,,,6200,-0.36,-0.29,,,,,,,,,,,,,,2690,-0.19,0.17,-0.25,,,
,,2710,-0.19,0.02,,,,,,,,,,6220,-0.36,-0.29,,,,,,,,,,,,,,2700,-0.18,0.24,-0.18,,,
,,2720,-0.2,-0.02,,,,,,,,,,6240,-0.37,-0.32,,,,,,,,,,,,,,2710,-0.18,0.24,-0.18,,,
,,2730,-0.2,0.02,,,,,,,,,,6260,-0.37,-0.28,,,,,,,,,,,,,,2720,-0.18,0.19,-0.24,,,
,,2740,-0.21,0,,,,,,,,,,6280,-0.37,-0.29,,,,,,,,,,,,,,2730,-0.17,0.15,-0.28,,,
,,2750,-0.21,0.01,,,,,,,,,,6300,-0.38,-0.35,,,,,,,,,,,,,,2740,-0.17,0.38,-0.05,,,
,,2760,-0.22,0.04,,,,,,,,,,6320,-0.38,-0.32,,,,,,,,,,,,,,2750,-0.18,0.25,-0.18,,,
,,2770,-0.22,0.01,,,,,,,,,,6340,-0.38,-0.29,,,,,,,,,,,,,,2760,-0.17,0.08,-0.35,,,
,,2780,-0.22,0.03,,,,,,,,,,6360,-0.38,-0.32,,,,,,,,,,,,,,2770,-0.18,0.13,-0.29,,,
,,2790,-0.22,0.02,,,,,,,,,,6380,-0.38,-0.29,,,,,,,,,,,,,,2780,-0.19,0.3,-0.13,,,
,,2800,-0.21,0.01,,,,,,,,,,6400,-0.38,-0.33,,,,,,,,,,,,,,2790,-0.19,0.25,-0.17,,,
,,2810,-0.21,0,,,,,,,,,,6420,-0.38,-0.29,,,,,,,,,,,,,,2800,-0.2,0.13,-0.3,,,
,,2820,-0.2,0.01,,,,,,,,,,6440,-0.37,-0.28,,,,,,,,,,,,,,2810,-0.21,0.24,-0.18,,,
,,2830,-0.2,0.03,,,,,,,,,,6460,-0.37,-0.24,,,,,,,,,,,,,,2820,-0.22,0.23,-0.19,,,
,,2840,-0.19,0.01,,,,,,,,,,6480,-0.37,-0.28,,,,,,,,,,,,,,2830,-0.22,0.15,-0.27,,,
,,2850,-0.19,0.03,,,,,,,,,,6500,-0.37,-0.26,,,,,,,,,,,,,,2840,-0.23,0.13,-0.27,,,
,,2860,-0.19,0.01,,,,,,,,,,6520,-0.36,-0.29,,,,,,,,,,,,,,2850,-0.23,0.25,-0.15,,,
,,2870,-0.18,0.03,,,,,,,,,,6540,-0.36,-0.31,,,,,,,,,,,,,,2860,-0.24,0.19,-0.21,,,
,,2880,-0.17,-0.01,,,,,,,,,,6560,-0.35,-0.33,,,,,,,,,,,,,,2870,-0.25,0.2,-0.2,,,
,,2890,-0.17,-0.03,,,,,,,,,,6580,-0.35,-0.37,,,,,,,,,,,,,,2880,-0.26,0.28,-0.12,,,
,,2900,-0.17,-0.04,,,,,,,,,,6600,-0.35,-0.32,,,,,,,,,,,,,,2890,-0.26,0.21,-0.19,,,
,,2910,-0.17,-0.04,,,,,,,,,,6620,-0.34,-0.38,,,,,,,,,,,,,,2900,-0.27,0.1,-0.29,,,
,,2920,-0.17,-0.06,,,,,,,,,,6640,-0.33,-0.34,,,,,,,,,,,,,,2910,-0.27,0.17,-0.23,,,
,,2930,-0.17,-0.06,,,,,,,,,,6660,-0.33,-0.3,,,,,,,,,,,,,,2920,-0.28,0.26,-0.14,,,
,,2940,-0.17,-0.07,,,,,,,,,,6680,-0.32,-0.22,,,,,,,,,,,,,,2930,-0.28,0.18,-0.21,,,
,,2950,-0.17,-0.07,,,,,,,,,,6700,-0.32,-0.15,,,,,,,,,,,,,,2940,-0.28,0.2,-0.21,,,
,,2960,-0.17,-0.09,,,,,,,,,,6720,-0.31,-0.17,,,,,,,,,,,,,,2950,-0.28,0.24,-0.17,,,
,,2970,-0.18,-0.08,,,,,,,,,,6740,-0.31,-0.17,,,,,,,,,,,,,,2960,-0.28,0.27,-0.13,,,
,,2980,-0.18,-0.07,,,,,,,,,,6760,-0.3,-0.13,,,,,,,,,,,,,,2970,-0.27,0.13,-0.27,,,
,,2990,-0.19,-0.09,,,,,,,,,,6780,-0.29,-0.11,,,,,,,,,,,,,,2980,-0.28,0.16,-0.23,,,
,,3000,-0.2,-0.09,,,,,,,,,,6800,-0.29,-0.12,,,,,,,,,,,,,,2990,-0.27,0.21,-0.18,,,
,,3010,-0.21,-0.14,,,,,,,,,,6820,-0.28,-0.16,,,,,,,,,,,,,,3000,-0.26,0.23,-0.17,,,
,,3020,-0.22,-0.11,,,,,,,,,,6840,-0.27,-0.18,,,,,,,,,,,,,,3010,-0.26,0.22,-0.2,,,
,,3030,-0.22,-0.17,,,,,,,,,,6860,-0.27,-0.22,,,,,,,,,,,,,,3020,-0.25,0.15,-0.27,,,
,,3040,-0.23,-0.17,,,,,,,,,,6880,-0.26,-0.23,,,,,,,,,,,,,,3030,-0.24,0.17,-0.26,,,
,,3050,-0.23,-0.14,,,,,,,,,,6900,-0.25,-0.25,,,,,,,,,,,,,,3040,-0.23,0.18,-0.25,,,
,,3060,-0.24,-0.05,,,,,,,,,,6920,-0.25,-0.2,,,,,,,,,,,,,,3050,-0.22,0.3,-0.11,,,
,,3070,-0.24,0,,,,,,,,,,6940,-0.24,-0.22,,,,,,,,,,,,,,3060,-0.21,0.21,-0.19,,,
,,3080,-0.24,0,,,,,,,,,,6960,-0.24,-0.24,,,,,,,,,,,,,,3070,-0.21,0.23,-0.16,,,
,,3090,-0.24,-0.01,,,,,,,,,,6980,-0.23,-0.16,,,,,,,,,,,,,,3080,-0.2,0.27,-0.12,,,
,,3100,-0.25,-0.05,,,,,,,,,,7000,-0.22,-0.06,,,,,,,,,,,,,,3090,-0.19,0.28,-0.12,,,
,,3110,-0.24,-0.06,,,,,,,,,,7020,-0.22,0,,,,,,,,,,,,,,3100,-0.19,0.2,-0.2,,,
,,3120,-0.24,-0.06,,,,,,,,,,7040,-0.21,0.05,,,,,,,,,,,,,,3110,-0.18,0.24,-0.16,,,
,,3130,-0.24,-0.07,,,,,,,,,,7060,-0.21,0.06,,,,,,,,,,,,,,3120,-0.17,0.34,-0.06,,,
,,3140,-0.23,-0.05,,,,,,,,,,7080,-0.2,0.08,,,,,,,,,,,,,,3130,-0.17,0.24,-0.16,,,
,,3150,-0.22,-0.04,,,,,,,,,,7100,-0.2,0.06,,,,,,,,,,,,,,3140,-0.17,0.22,-0.18,,,
,,3160,-0.22,-0.03,,,,,,,,,,7120,-0.19,0.03,,,,,,,,,,,,,,3150,-0.16,0.28,-0.12,,,
,,3170,-0.21,-0.02,,,,,,,,,,7140,-0.19,0,,,,,,,,,,,,,,3160,-0.16,0.35,-0.06,,,
,,3180,-0.2,-0.03,,,,,,,,,,7160,-0.19,-0.06,,,,,,,,,,,,,,3170,-0.16,0.28,-0.13,,,
,,3190,-0.2,0.01,,,,,,,,,,7180,-0.18,-0.12,,,,,,,,,,,,,,3180,-0.16,0.32,-0.1,,,
,,3200,-0.19,-0.02,,,,,,,,,,7200,-0.18,-0.17,,,,,,,,,,,,,,3190,-0.16,0.29,-0.12,,,
,,3210,-0.18,0.02,,,,,,,,,,7220,-0.18,-0.19,,,,,,,,,,,,,,3200,-0.16,0.24,-0.17,,,
,,3220,-0.18,-0.02,,,,,,,,,,7240,-0.17,-0.14,,,,,,,,,,,,,,3210,-0.16,0.27,-0.15,,,
,,3230,-0.18,-0.01,,,,,,,,,,7260,-0.17,-0.11,,,,,,,,,,,,,,3220,-0.16,0.41,-0.01,,,
,,3240,-0.17,0.01,,,,,,,,,,7280,-0.17,-0.13,,,,,,,,,,,,,,3230,-0.16,0.38,-0.04,,,
,,3250,-0.17,0,,,,,,,,,,7300,-0.17,-0.08,,,,,,,,,,,,,,3240,-0.16,0.19,-0.22,,,
,,3260,-0.18,0.01,,,,,,,,,,7320,-0.16,-0.06,,,,,,,,,,,,,,3250,-0.17,0.21,-0.21,,,
,,3270,-0.18,-0.06,,,,,,,,,,7340,-0.16,0.03,,,,,,,,,,,,,,3260,-0.17,0.28,-0.14,,,
,,3280,-0.18,-0.03,,,,,,,,,,7360,-0.16,0.07,,,,,,,,,,,,,,3270,-0.18,0.31,-0.11,,,
,,3290,-0.19,-0.04,,,,,,,,,,7380,-0.16,0.06,,,,,,,,,,,,,,3280,-0.18,0.15,-0.28,,,
,,3300,-0.19,-0.05,,,,,,,,,,7400,-0.16,0.07,,,,,,,,,,,,,,3290,-0.19,0.15,-0.28,,,
,,3310,-0.2,-0.07,,,,,,,,,,7420,-0.16,0.06,,,,,,,,,,,,,,3300,-0.19,0.13,-0.3,,,
,,3320,-0.21,-0.1,,,,,,,,,,7440,-0.16,-0.01,,,,,,,,,,,,,,3310,-0.2,0.2,-0.23,,,
,,3330,-0.21,-0.09,,,,,,,,,,7460,-0.16,-0.01,,,,,,,,,,,,,,3320,-0.2,0.23,-0.21,,,
,,3340,-0.22,-0.11,,,,,,,,,,7480,-0.16,-0.05,,,,,,,,,,,,,,3330,-0.21,0.15,-0.29,,,
,,3350,-0.22,-0.14,,,,,,,,,,7500,-0.16,-0.11,,,,,,,,,,,,,,3340,-0.21,0.2,-0.24,,,
,,3360,-0.23,-0.16,,,,,,,,,,7520,-0.16,-0.14,,,,,,,,,,,,,,3350,-0.21,0.18,-0.25,,,
,,3370,-0.23,-0.17,,,,,,,,,,7540,-0.16,-0.2,,,,,,,,,,,,,,3360,-0.22,0.16,-0.27,,,
,,3380,-0.24,-0.17,,,,,,,,,,7560,-0.17,-0.18,,,,,,,,,,,,,,3370,-0.22,0.16,-0.27,,,
,,3390,-0.24,-0.17,,,,,,,,,,7580,-0.17,-0.16,,,,,,,,,,,,,,3380,-0.22,0.26,-0.17,,,
,,3400,-0.24,-0.17,,,,,,,,,,7600,-0.17,-0.17,,,,,,,,,,,,,,3390,-0.22,0.2,-0.23,,,
,,3410,-0.23,-0.19,,,,,,,,,,7620,-0.17,-0.16,,,,,,,,,,,,,,3400,-0.22,0.07,-0.36,,,
,,3420,-0.23,-0.2,,,,,,,,,,7640,-0.18,-0.16,,,,,,,,,,,,,,3410,-0.22,0.1,-0.33,,,
,,3430,-0.23,-0.2,,,,,,,,,,7660,-0.18,-0.14,,,,,,,,,,,,,,3420,-0.22,0.26,-0.18,,,
,,3440,-0.22,-0.2,,,,,,,,,,7680,-0.18,-0.11,,,,,,,,,,,,,,3430,-0.22,0.3,-0.14,,,
,,3450,-0.21,-0.21,,,,,,,,,,7700,-0.19,-0.14,,,,,,,,,,,,,,3440,-0.21,0.1,-0.34,,,
,,3460,-0.21,-0.17,,,,,,,,,,7720,-0.19,-0.15,,,,,,,,,,,,,,3450,-0.21,0.14,-0.3,,,
,,3470,-0.2,-0.18,,,,,,,,,,7740,-0.19,-0.11,,,,,,,,,,,,,,3460,-0.2,0.24,-0.2,,,
,,3480,-0.2,-0.12,,,,,,,,,,7760,-0.2,-0.12,,,,,,,,,,,,,,3470,-0.2,0.26,-0.18,,,
,,3490,-0.19,-0.12,,,,,,,,,,7780,-0.2,-0.13,,,,,,,,,,,,,,3480,-0.2,0.19,-0.24,,,
,,3500,-0.18,-0.07,,,,,,,,,,7800,-0.21,-0.13,,,,,,,,,,,,,,3490,-0.19,0.24,-0.2,,,
,,3510,-0.18,-0.08,,,,,,,,,,7820,-0.21,-0.15,,,,,,,,,,,,,,3500,-0.18,0.23,-0.21,,,
,,3520,-0.17,-0.06,,,,,,,,,,7840,-0.22,-0.17,,,,,,,,,,,,,,3510,-0.18,0.11,-0.33,,,
,,3530,-0.17,0.01,,,,,,,,,,7860,-0.22,-0.21,,,,,,,,,,,,,,3520,-0.18,0.13,-0.32,,,
,,3540,-0.16,-0.04,,,,,,,,,,7880,-0.23,-0.26,,,,,,,,,,,,,,3530,-0.17,0.22,-0.22,,,
,,3550,-0.16,0.02,,,,,,,,,,7900,-0.23,-0.22,,,,,,,,,,,,,,3540,-0.17,0.22,-0.22,,,
,,3560,-0.16,-0.03,,,,,,,,,,7920,-0.24,-0.24,,,,,,,,,,,,,,3550,-0.16,0.15,-0.3,,,
,,3570,-0.16,0.02,,,,,,,,,,7940,-0.24,-0.32,,,,,,,,,,,,,,3560,-0.16,0.24,-0.21,,,
,,3580,-0.16,-0.01,,,,,,,,,,7960,-0.24,-0.3,,,,,,,,,,,,,,3570,-0.16,0.2,-0.25,,,
,,3590,-0.16,-0.02,,,,,,,,,,7980,-0.25,-0.26,,,,,,,,,,,,,,3580,-0.16,0.12,-0.33,,,
,,3600,-0.16,0.01,,,,,,,,,,8000,-0.25,-0.25,,,,,,,,,,,,,,3590,-0.16,0.11,-0.34,,,
,,3610,-0.16,-0.03,,,,,,,,,,8020,-0.26,-0.22,,,,,,,,,,,,,,3600,-0.15,0.19,-0.25,,,
,,3620,-0.17,-0.02,,,,,,,,,,8040,-0.26,-0.28,,,,,,,,,,,,,,3610,-0.16,0.15,-0.28,,,
,,3630,-0.17,-0.04,,,,,,,,,,8060,-0.26,-0.2,,,,,,,,,,,,,,3620,-0.16,0.05,-0.39,,,
,,3640,-0.17,-0.03,,,,,,,,,,8080,-0.27,-0.13,,,,,,,,,,,,,,3630,-0.16,0.12,-0.32,,,
,,3650,-0.17,-0.06,,,,,,,,,,8100,-0.27,-0.09,,,,,,,,,,,,,,3640,-0.15,0.15,-0.29,,,
,,3660,-0.18,-0.05,,,,,,,,,,8120,-0.27,-0.05,,,,,,,,,,,,,,3650,-0.16,0.13,-0.3,,,
,,3670,-0.18,-0.05,,,,,,,,,,8140,-0.27,-0.03,,,,,,,,,,,,,,3660,-0.16,0.09,-0.35,,,
,,3680,-0.18,-0.05,,,,,,,,,,8160,-0.28,-0.07,,,,,,,,,,,,,,3670,-0.16,0.11,-0.32,,,
,,3690,-0.18,-0.06,,,,,,,,,,8180,-0.28,-0.09,,,,,,,,,,,,,,3680,-0.16,0.05,-0.38,,,
,,3700,-0.18,-0.07,,,,,,,,,,8200,-0.28,-0.12,,,,,,,,,,,,,,3690,-0.16,0.13,-0.3,,,
,,3710,-0.18,-0.09,,,,,,,,,,8220,-0.28,-0.19,,,,,,,,,,,,,,3700,-0.17,0.18,-0.25,,,
,,3720,-0.18,-0.09,,,,,,,,,,8240,-0.29,-0.18,,,,,,,,,,,,,,3710,-0.17,0.14,-0.29,,,
,,3730,-0.18,-0.1,,,,,,,,,,8260,-0.29,-0.3,,,,,,,,,,,,,,3720,-0.17,0.15,-0.28,,,
,,3740,-0.18,-0.11,,,,,,,,,,8280,-0.29,-0.41,,,,,,,,,,,,,,3730,-0.17,0.17,-0.26,,,
,,3750,-0.17,-0.09,,,,,,,,,,8300,-0.29,-0.34,,,,,,,,,,,,,,3740,-0.18,0.15,-0.27,,,
,,3760,-0.17,-0.11,,,,,,,,,,8320,-0.29,-0.29,,,,,,,,,,,,,,3750,-0.17,0.06,-0.36,,,
,,3770,-0.16,-0.1,,,,,,,,,,8340,-0.29,-0.23,,,,,,,,,,,,,,3760,-0.18,0.2,-0.22,,,
,,3780,-0.16,-0.15,,,,,,,,,,8360,-0.29,-0.19,,,,,,,,,,,,,,3770,-0.18,0.26,-0.17,,,
,,3790,-0.16,-0.13,,,,,,,,,,8380,-0.29,-0.12,,,,,,,,,,,,,,3780,-0.18,0.09,-0.33,,,
,,3800,-0.15,-0.13,,,,,,,,,,8400,-0.29,0.07,,,,,,,,,,,,,,3790,-0.18,0.08,-0.34,,,
,,3810,-0.15,-0.12,,,,,,,,,,8420,-0.29,0.13,,,,,,,,,,,,,,3800,-0.18,0.2,-0.22,,,
,,3820,-0.14,-0.1,,,,,,,,,,8440,-0.29,0.29,,,,,,,,,,,,,,3810,-0.18,0.2,-0.22,,,
,,3830,-0.14,-0.13,,,,,,,,,,8460,-0.29,0.33,,,,,,,,,,,,,,3820,-0.18,0.06,-0.35,,,
,,3840,-0.13,-0.09,,,,,,,,,,8480,-0.29,0.4,,,,,,,,,,,,,,3830,-0.18,0.14,-0.27,,,
,,3850,-0.13,-0.1,,,,,,,,,,8500,-0.29,0.28,,,,,,,,,,,,,,3840,-0.18,0.23,-0.18,,,
,,3860,-0.12,-0.07,,,,,,,,,,8520,-0.29,0.24,,,,,,,,,,,,,,3850,-0.18,0.07,-0.34,,,
,,3870,-0.13,-0.08,,,,,,,,,,8540,-0.29,0.22,,,,,,,,,,,,,,3860,-0.18,-0.04,-0.45,,,
,,3880,-0.13,-0.08,,,,,,,,,,8560,-0.29,0.15,,,,,,,,,,,,,,3870,-0.18,0.11,-0.3,,,
,,3890,-0.13,-0.07,,,,,,,,,,8580,-0.29,0.07,,,,,,,,,,,,,,3880,-0.17,0.16,-0.24,,,
,,3900,-0.13,-0.07,,,,,,,,,,8600,-0.29,-0.1,,,,,,,,,,,,,,3890,-0.17,0.04,-0.36,,,
,,3910,-0.13,-0.06,,,,,,,,,,8620,-0.28,-0.14,,,,,,,,,,,,,,3900,-0.17,0.02,-0.38,,,
,,3920,-0.13,-0.05,,,,,,,,,,8640,-0.28,-0.02,,,,,,,,,,,,,,3910,-0.17,0.11,-0.29,,,
,,3930,-0.13,-0.05,,,,,,,,,,8660,-0.28,0.02,,,,,,,,,,,,,,3920,-0.17,0.05,-0.35,,,
,,3940,-0.13,-0.06,,,,,,,,,,8680,-0.28,0.09,,,,,,,,,,,,,,3930,-0.17,0,-0.4,,,
,,3950,-0.13,-0.04,,,,,,,,,,8700,-0.27,0.16,,,,,,,,,,,,,,3940,-0.16,0.11,-0.29,,,
,,3960,-0.13,-0.05,,,,,,,,,,8720,-0.27,0.27,,,,,,,,,,,,,,3950,-0.16,0.06,-0.35,,,
,,3970,-0.13,-0.04,,,,,,,,,,8740,-0.27,0.36,,,,,,,,,,,,,,3960,-0.16,-0.01,-0.42,,,
,,3980,-0.13,-0.04,,,,,,,,,,8760,-0.27,0.48,,,,,,,,,,,,,,3970,-0.16,0.02,-0.38,,,
,,3990,-0.13,-0.02,,,,,,,,,,8780,-0.26,0.5,,,,,,,,,,,,,,3980,-0.16,0.19,-0.21,,,
,,4000,-0.14,-0.01,,,,,,,,,,8800,-0.26,0.58,,,,,,,,,,,,,,3990,-0.15,0.09,-0.32,,,
,,4010,-0.13,-0.02,,,,,,,,,,8820,-0.26,0.44,,,,,,,,,,,,,,4000,-0.15,-0.02,-0.42,,,
,,4020,-0.13,-0.03,,,,,,,,,,8840,-0.26,0.39,,,,,,,,,,,,,,4010,-0.15,0.1,-0.3,,,
,,4030,-0.13,-0.02,,,,,,,,,,8860,-0.25,0.33,,,,,,,,,,,,,,4020,-0.15,0.07,-0.33,,,
,,4040,-0.13,-0.02,,,,,,,,,,8880,-0.25,0.3,,,,,,,,,,,,,,4030,-0.15,0.06,-0.33,,,
,,4050,-0.13,-0.04,,,,,,,,,,8900,-0.25,0.12,,,,,,,,,,,,,,4040,-0.15,0.09,-0.31,,,
,,4060,-0.12,-0.02,,,,,,,,,,8920,-0.25,0.02,,,,,,,,,,,,,,4050,-0.16,0.16,-0.23,,,
,,4070,-0.12,-0.03,,,,,,,,,,8940,-0.24,-0.03,,,,,,,,,,,,,,4060,-0.16,0.03,-0.37,,,
,,4080,-0.12,0,,,,,,,,,,8960,-0.24,0,,,,,,,,,,,,,,4070,-0.16,-0.03,-0.43,,,
,,4090,-0.12,-0.03,,,,,,,,,,8980,-0.24,0.07,,,,,,,,,,,,,,4080,-0.16,0.15,-0.25,,,
,,4100,-0.12,-0.04,,,,,,,,,,9000,-0.24,0.1,,,,,,,,,,,,,,4090,-0.16,0.16,-0.24,,,
,,4110,-0.12,-0.06,,,,,,,,,,,,,,,,,,,,,,,,,,4100,-0.16,0.12,-0.28,,,
,,4120,-0.12,-0.07,,,,,,,,,,,,,,,,,,,,,,,,,,4110,-0.17,0.06,-0.33,,,
,,4130,-0.11,-0.05,,,,,,,,,,,,,,,,,,,,,,,,,,4120,-0.17,-0.04,-0.43,,,
,,4140,-0.12,-0.06,,,,,,,,,,,,,,,,,,,,,,,,,,4130,-0.17,-0.06,-0.45,,,
,,4150,-0.11,-0.04,,,,,,,,,,,,,,,,,,,,,,,,,,4140,-0.17,0.22,-0.17,,,
,,4160,-0.1,-0.07,,,,,,,,,,,,,,,,,,,,,,,,,,4150,-0.17,0.32,-0.06,,,
,,4170,-0.1,-0.08,,,,,,,,,,,,,,,,,,,,,,,,,,4160,-0.18,-0.04,-0.43,,,
,,4180,-0.11,-0.1,,,,,,,,,,,,,,,,,,,,,,,,,,4170,-0.18,-0.28,-0.67,,,
,,4190,-0.11,-0.08,,,,,,,,,,,,,,,,,,,,,,,,,,4180,-0.18,0.02,-0.36,,,
,,4200,-0.11,-0.06,,,,,,,,,,,,,,,,,,,,,,,,,,4190,-0.18,0.17,-0.21,,,
,,4210,-0.11,-0.09,,,,,,,,,,,,,,,,,,,,,,,,,,4200,-0.18,-0.01,-0.38,,,
,,4220,-0.11,-0.09,,,,,,,,,,,,,,,,,,,,,,,,,,4210,-0.18,0.02,-0.36,,,
,,4230,-0.11,-0.05,,,,,,,,,,,,,,,,,,,,,,,,,,4220,-0.19,0.19,-0.2,,,
,,4240,-0.12,-0.03,,,,,,,,,,,,,,,,,,,,,,,,,,4230,-0.18,-0.01,-0.4,,,
,,4250,-0.11,-0.05,,,,,,,,,,,,,,,,,,,,,,,,,,4240,-0.19,-0.28,-0.67,,,
,,4260,-0.11,-0.07,,,,,,,,,,,,,,,,,,,,,,,,,,4250,-0.18,-0.03,-0.41,,,
,,4270,-0.11,-0.02,,,,,,,,,,,,,,,,,,,,,,,,,,4260,-0.18,0.15,-0.23,,,
,,4280,-0.11,-0.06,,,,,,,,,,,,,,,,,,,,,,,,,,4270,-0.18,0.07,-0.3,,,
,,4290,-0.12,-0.03,,,,,,,,,,,,,,,,,,,,,,,,,,4280,-0.18,0.04,-0.33,,,
,,4300,-0.12,-0.02,,,,,,,,,,,,,,,,,,,,,,,,,,4290,-0.18,0.06,-0.31,,,
,,4310,-0.12,-0.02,,,,,,,,,,,,,,,,,,,,,,,,,,4300,-0.18,0,-0.38,,,
,,4320,-0.12,-0.03,,,,,,,,,,,,,,,,,,,,,,,,,,4310,-0.18,-0.08,-0.46,,,
,,4330,-0.12,-0.05,,,,,,,,,,,,,,,,,,,,,,,,,,4320,-0.18,0.19,-0.18,,,
,,4340,-0.12,-0.01,,,,,,,,,,,,,,,,,,,,,,,,,,4330,-0.18,0.16,-0.21,,,
,,4350,-0.12,-0.03,,,,,,,,,,,,,,,,,,,,,,,,,,4340,-0.17,-0.01,-0.38,,,
,,4360,-0.12,-0.04,,,,,,,,,,,,,,,,,,,,,,,,,,4350,-0.17,0.07,-0.29,,,
,,4370,-0.12,-0.03,,,,,,,,,,,,,,,,,,,,,,,,,,4360,-0.17,0.19,-0.17,,,
,,4380,-0.12,-0.05,,,,,,,,,,,,,,,,,,,,,,,,,,4370,-0.17,0.16,-0.21,,,
,,4390,-0.12,-0.05,,,,,,,,,,,,,,,,,,,,,,,,,,4380,-0.17,0.03,-0.34,,,
,,4400,-0.12,-0.04,,,,,,,,,,,,,,,,,,,,,,,,,,4390,-0.17,0.15,-0.21,,,
,,4410,-0.12,-0.03,,,,,,,,,,,,,,,,,,,,,,,,,,4400,-0.16,0.17,-0.19,,,
,,4420,-0.12,-0.03,,,,,,,,,,,,,,,,,,,,,,,,,,4410,-0.16,0.14,-0.22,,,
,,4430,-0.13,-0.03,,,,,,,,,,,,,,,,,,,,,,,,,,4420,-0.16,0.15,-0.21,,,
,,4440,-0.13,-0.04,,,,,,,,,,,,,,,,,,,,,,,,,,4430,-0.16,0.07,-0.29,,,
,,4450,-0.13,-0.06,,,,,,,,,,,,,,,,,,,,,,,,,,4440,-0.17,-0.02,-0.38,,,
,,4460,-0.13,-0.05,,,,,,,,,,,,,,,,,,,,,,,,,,4450,-0.16,0.14,-0.22,,,
,,4470,-0.13,-0.06,,,,,,,,,,,,,,,,,,,,,,,,,,4460,-0.16,0.23,-0.12,,,
,,4480,-0.14,-0.08,,,,,,,,,,,,,,,,,,,,,,,,,,4470,-0.17,0.02,-0.32,,,
,,4490,-0.14,-0.11,,,,,,,,,,,,,,,,,,,,,,,,,,4480,-0.16,-0.04,-0.38,,,
,,4500,-0.14,-0.1,,,,,,,,,,,,,,,,,,,,,,,,,,4490,-0.17,0.2,-0.14,,,
,,4510,-0.14,-0.08,,,,,,,,,,,,,,,,,,,,,,,,,,4500,-0.17,0.11,-0.23,,,
,,4520,-0.15,-0.14,,,,,,,,,,,,,,,,,,,,,,,,,,4510,-0.17,-0.26,-0.6,,,
,,4530,-0.15,-0.14,,,,,,,,,,,,,,,,,,,,,,,,,,4520,-0.18,-0.17,-0.51,,,
,,4540,-0.15,-0.08,,,,,,,,,,,,,,,,,,,,,,,,,,4530,-0.18,0.25,-0.09,,,
,,4550,-0.15,-0.12,,,,,,,,,,,,,,,,,,,,,,,,,,4540,-0.18,0.21,-0.11,,,
,,4560,-0.15,-0.11,,,,,,,,,,,,,,,,,,,,,,,,,,4550,-0.18,-0.2,-0.52,,,
,,4570,-0.15,-0.11,,,,,,,,,,,,,,,,,,,,,,,,,,4560,-0.18,-0.22,-0.53,,,
,,4580,-0.15,-0.05,,,,,,,,,,,,,,,,,,,,,,,,,,4570,-0.19,0,-0.32,,,
,,4590,-0.15,-0.1,,,,,,,,,,,,,,,,,,,,,,,,,,4580,-0.19,-0.05,-0.37,,,
,,4600,-0.15,-0.17,,,,,,,,,,,,,,,,,,,,,,,,,,4590,-0.2,-0.05,-0.38,,,
,,4610,-0.15,-0.11,,,,,,,,,,,,,,,,,,,,,,,,,,4600,-0.2,-0.04,-0.35,,,
,,4620,-0.15,-0.11,,,,,,,,,,,,,,,,,,,,,,,,,,4610,-0.2,-0.07,-0.38,,,
,,4630,-0.15,-0.05,,,,,,,,,,,,,,,,,,,,,,,,,,4620,-0.21,-0.16,-0.47,,,
,,4640,-0.15,-0.07,,,,,,,,,,,,,,,,,,,,,,,,,,4630,-0.21,-0.03,-0.33,,,
,,4650,-0.15,-0.05,,,,,,,,,,,,,,,,,,,,,,,,,,4640,-0.21,0.04,-0.26,,,
,,4660,-0.15,-0.07,,,,,,,,,,,,,,,,,,,,,,,,,,4650,-0.21,-0.13,-0.44,,,
,,4670,-0.16,-0.12,,,,,,,,,,,,,,,,,,,,,,,,,,4660,-0.21,-0.07,-0.38,,,
,,4680,-0.16,-0.12,,,,,,,,,,,,,,,,,,,,,,,,,,4670,-0.21,0.01,-0.29,,,
,,4690,-0.16,-0.13,,,,,,,,,,,,,,,,,,,,,,,,,,4680,-0.22,-0.02,-0.33,,,
,,4700,-0.16,-0.13,,,,,,,,,,,,,,,,,,,,,,,,,,4690,-0.21,-0.04,-0.34,,,
,,4710,-0.17,-0.11,,,,,,,,,,,,,,,,,,,,,,,,,,4700,-0.21,0.04,-0.26,,,
,,4720,-0.17,-0.08,,,,,,,,,,,,,,,,,,,,,,,,,,4710,-0.21,-0.02,-0.31,,,
,,4730,-0.18,-0.08,,,,,,,,,,,,,,,,,,,,,,,,,,4720,-0.21,-0.08,-0.37,,,
,,4740,-0.18,-0.08,,,,,,,,,,,,,,,,,,,,,,,,,,4730,-0.21,0.05,-0.24,,,
,,4750,-0.19,-0.08,,,,,,,,,,,,,,,,,,,,,,,,,,4740,-0.21,0.08,-0.21,,,
,,4760,-0.19,-0.1,,,,,,,,,,,,,,,,,,,,,,,,,,4750,-0.21,-0.05,-0.33,,,
,,4770,-0.19,-0.08,,,,,,,,,,,,,,,,,,,,,,,,,,4760,-0.21,-0.01,-0.27,,,
,,4780,-0.2,-0.05,,,,,,,,,,,,,,,,,,,,,,,,,,4770,-0.21,0.14,-0.12,,,
,,4790,-0.2,-0.07,,,,,,,,,,,,,,,,,,,,,,,,,,4780,-0.2,-0.01,-0.28,,,
,,4800,-0.21,-0.08,,,,,,,,,,,,,,,,,,,,,,,,,,4790,-0.2,-0.25,-0.53,,,
,,4810,-0.21,-0.03,,,,,,,,,,,,,,,,,,,,,,,,,,4800,-0.2,-0.12,-0.39,,,
,,4820,-0.21,-0.01,,,,,,,,,,,,,,,,,,,,,,,,,,4810,-0.19,0.08,-0.18,,,
,,4830,-0.22,-0.04,,,,,,,,,,,,,,,,,,,,,,,,,,4820,-0.19,0.02,-0.24,,,
,,4840,-0.22,-0.09,,,,,,,,,,,,,,,,,,,,,,,,,,4830,-0.19,-0.06,-0.31,,,
,,4850,-0.21,-0.04,,,,,,,,,,,,,,,,,,,,,,,,,,4840,-0.19,-0.07,-0.32,,,
,,4860,-0.21,-0.06,,,,,,,,,,,,,,,,,,,,,,,,,,4850,-0.19,-0.21,-0.46,,,
,,4870,-0.21,-0.06,,,,,,,,,,,,,,,,,,,,,,,,,,4860,-0.19,-0.27,-0.53,,,
,,4880,-0.21,-0.06,,,,,,,,,,,,,,,,,,,,,,,,,,4870,-0.18,-0.08,-0.34,,,
,,4890,-0.22,-0.04,,,,,,,,,,,,,,,,,,,,,,,,,,4880,-0.18,0.04,-0.21,,,
,,4900,-0.21,-0.04,,,,,,,,,,,,,,,,,,,,,,,,,,4890,-0.18,-0.18,-0.43,,,
,,4910,-0.21,-0.08,,,,,,,,,,,,,,,,,,,,,,,,,,4900,-0.18,-0.19,-0.43,,,
,,4920,-0.21,-0.05,,,,,,,,,,,,,,,,,,,,,,,,,,4910,-0.19,-0.01,-0.25,,,
,,4930,-0.21,-0.1,,,,,,,,,,,,,,,,,,,,,,,,,,4920,-0.19,-0.05,-0.3,,,
,,4940,-0.21,-0.13,,,,,,,,,,,,,,,,,,,,,,,,,,4930,-0.19,-0.21,-0.48,,,
,,4950,-0.21,-0.1,,,,,,,,,,,,,,,,,,,,,,,,,,4940,-0.19,-0.17,-0.44,,,
,,4960,-0.21,-0.06,,,,,,,,,,,,,,,,,,,,,,,,,,4950,-0.19,0.01,-0.26,,,
,,4970,-0.21,-0.09,,,,,,,,,,,,,,,,,,,,,,,,,,4960,-0.19,-0.07,-0.34,,,
,,4980,-0.21,-0.14,,,,,,,,,,,,,,,,,,,,,,,,,,4970,-0.2,-0.13,-0.41,,,
,,4990,-0.21,-0.13,,,,,,,,,,,,,,,,,,,,,,,,,,4980,-0.2,-0.08,-0.36,,,
,,5000,-0.22,-0.11,,,,,,,,,,,,,,,,,,,,,,,,,,4990,-0.2,-0.07,-0.35,,,
,,5010,-0.22,-0.1,,,,,,,,,,,,,,,,,,,,,,,,,,5000,-0.2,-0.13,-0.41,,,
,,5020,-0.23,-0.11,,,,,,,,,,,,,,,,,,,,,,,,,,5010,-0.21,-0.07,-0.35,,,
,,5030,-0.23,-0.11,,,,,,,,,,,,,,,,,,,,,,,,,,5020,-0.21,-0.02,-0.31,,,
,,5040,-0.23,-0.1,,,,,,,,,,,,,,,,,,,,,,,,,,5030,-0.21,-0.09,-0.38,,,
,,5050,-0.24,-0.07,,,,,,,,,,,,,,,,,,,,,,,,,,5040,-0.21,-0.11,-0.4,,,
,,5060,-0.24,-0.08,,,,,,,,,,,,,,,,,,,,,,,,,,5050,-0.22,-0.09,-0.38,,,
,,5070,-0.25,-0.09,,,,,,,,,,,,,,,,,,,,,,,,,,5060,-0.23,-0.09,-0.4,,,
,,5080,-0.25,-0.06,,,,,,,,,,,,,,,,,,,,,,,,,,5070,-0.23,-0.09,-0.38,,,
,,5090,-0.25,-0.01,,,,,,,,,,,,,,,,,,,,,,,,,,5080,-0.23,-0.01,-0.29,,,
,,5100,-0.25,0,,,,,,,,,,,,,,,,,,,,,,,,,,5090,-0.23,-0.11,-0.4,,,
,,5110,-0.26,-0.03,,,,,,,,,,,,,,,,,,,,,,,,,,5100,-0.23,-0.27,-0.57,,,
,,5120,-0.26,0.01,,,,,,,,,,,,,,,,,,,,,,,,,,5110,-0.24,-0.18,-0.48,,,
,,5130,-0.26,0.05,,,,,,,,,,,,,,,,,,,,,,,,,,5120,-0.24,-0.04,-0.34,,,
,,5140,-0.26,0.06,,,,,,,,,,,,,,,,,,,,,,,,,,5130,-0.24,-0.08,-0.39,,,
,,5150,-0.26,0.05,,,,,,,,,,,,,,,,,,,,,,,,,,5140,-0.24,-0.14,-0.46,,,
,,5160,-0.26,0.1,,,,,,,,,,,,,,,,,,,,,,,,,,5150,-0.23,-0.07,-0.38,,,
,,5170,-0.26,0.1,,,,,,,,,,,,,,,,,,,,,,,,,,5160,-0.23,-0.11,-0.42,,,
,,5180,-0.25,0.12,,,,,,,,,,,,,,,,,,,,,,,,,,5170,-0.23,-0.2,-0.52,,,
,,5190,-0.25,0.12,,,,,,,,,,,,,,,,,,,,,,,,,,5180,-0.23,-0.21,-0.53,,,
,,5200,-0.25,0.11,,,,,,,,,,,,,,,,,,,,,,,,,,5190,-0.23,-0.15,-0.47,,,
,,5210,-0.25,0.1,,,,,,,,,,,,,,,,,,,,,,,,,,5200,-0.23,-0.12,-0.44,,,
,,5220,-0.25,0.09,,,,,,,,,,,,,,,,,,,,,,,,,,5210,-0.22,0.01,-0.31,,,
,,5230,-0.24,0.12,,,,,,,,,,,,,,,,,,,,,,,,,,5220,-0.22,0.12,-0.19,,,
,,5240,-0.24,0.08,,,,,,,,,,,,,,,,,,,,,,,,,,5230,-0.22,-0.1,-0.42,,,
,,5250,-0.23,0.01,,,,,,,,,,,,,,,,,,,,,,,,,,5240,-0.22,-0.34,-0.67,,,
,,5260,-0.23,0,,,,,,,,,,,,,,,,,,,,,,,,,,5250,-0.22,-0.17,-0.5,,,
,,5270,-0.23,0.04,,,,,,,,,,,,,,,,,,,,,,,,,,5260,-0.21,0.16,-0.17,,,
,,5280,-0.23,0.04,,,,,,,,,,,,,,,,,,,,,,,,,,5270,-0.21,0.1,-0.23,,,
,,5290,-0.23,0.01,,,,,,,,,,,,,,,,,,,,,,,,,,5280,-0.21,-0.14,-0.47,,,
,,5300,-0.23,-0.01,,,,,,,,,,,,,,,,,,,,,,,,,,5290,-0.2,-0.11,-0.44,,,
,,5310,-0.23,-0.03,,,,,,,,,,,,,,,,,,,,,,,,,,5300,-0.2,0.08,-0.26,,,
,,5320,-0.23,-0.02,,,,,,,,,,,,,,,,,,,,,,,,,,5310,-0.2,0.02,-0.32,,,
,,5330,-0.23,-0.03,,,,,,,,,,,,,,,,,,,,,,,,,,5320,-0.2,-0.08,-0.43,,,
,,5340,-0.23,-0.04,,,,,,,,,,,,,,,,,,,,,,,,,,5330,-0.2,-0.02,-0.36,,,
,,5350,-0.23,-0.04,,,,,,,,,,,,,,,,,,,,,,,,,,5340,-0.2,0.05,-0.3,,,
,,5360,-0.24,-0.02,,,,,,,,,,,,,,,,,,,,,,,,,,5350,-0.2,0,-0.33,,,
,,5370,-0.24,-0.01,,,,,,,,,,,,,,,,,,,,,,,,,,5360,-0.2,-0.06,-0.38,,,
,,5380,-0.24,-0.01,,,,,,,,,,,,,,,,,,,,,,,,,,5370,-0.2,-0.03,-0.36,,,
,,5390,-0.24,-0.01,,,,,,,,,,,,,,,,,,,,,,,,,,5380,-0.2,-0.06,-0.39,,,
,,5400,-0.24,0,,,,,,,,,,,,,,,,,,,,,,,,,,5390,-0.2,-0.09,-0.44,,,
,,5410,-0.24,0.02,,,,,,,,,,,,,,,,,,,,,,,,,,5400,-0.2,-0.08,-0.43,,,
,,5420,-0.24,0.05,,,,,,,,,,,,,,,,,,,,,,,,,,5410,-0.2,-0.08,-0.42,,,
,,5430,-0.24,0.09,,,,,,,,,,,,,,,,,,,,,,,,,,5420,-0.2,-0.09,-0.42,,,
,,5440,-0.24,0.09,,,,,,,,,,,,,,,,,,,,,,,,,,5430,-0.2,-0.1,-0.43,,,
,,5450,-0.23,0.11,,,,,,,,,,,,,,,,,,,,,,,,,,5440,-0.2,-0.08,-0.41,,,
,,5460,-0.23,0.1,,,,,,,,,,,,,,,,,,,,,,,,,,5450,-0.21,-0.1,-0.43,,,
,,5470,-0.23,0.1,,,,,,,,,,,,,,,,,,,,,,,,,,5460,-0.21,-0.1,-0.42,,,
,,5480,-0.22,0.08,,,,,,,,,,,,,,,,,,,,,,,,,,5470,-0.21,-0.08,-0.42,,,
,,5490,-0.21,0.06,,,,,,,,,,,,,,,,,,,,,,,,,,5480,-0.21,-0.12,-0.45,,,
,,5500,-0.21,0.12,,,,,,,,,,,,,,,,,,,,,,,,,,5490,-0.22,-0.12,-0.45,,,
,,5510,-0.2,0.15,,,,,,,,,,,,,,,,,,,,,,,,,,5500,-0.22,-0.14,-0.46,,,
,,5520,-0.2,0.15,,,,,,,,,,,,,,,,,,,,,,,,,,5510,-0.22,-0.18,-0.5,,,
,,5530,-0.2,0.11,,,,,,,,,,,,,,,,,,,,,,,,,,5520,-0.22,-0.19,-0.51,,,
,,5540,-0.2,0.11,,,,,,,,,,,,,,,,,,,,,,,,,,5530,-0.22,-0.08,-0.4,,,
,,5550,-0.19,0.12,,,,,,,,,,,,,,,,,,,,,,,,,,5540,-0.22,-0.06,-0.39,,,
,,5560,-0.19,0.11,,,,,,,,,,,,,,,,,,,,,,,,,,5550,-0.22,-0.21,-0.54,,,
,,5570,-0.18,0.08,,,,,,,,,,,,,,,,,,,,,,,,,,5560,-0.22,-0.24,-0.56,,,
,,5580,-0.18,0.08,,,,,,,,,,,,,,,,,,,,,,,,,,5570,-0.23,-0.08,-0.4,,,
,,5590,-0.17,0.1,,,,,,,,,,,,,,,,,,,,,,,,,,5580,-0.23,-0.07,-0.38,,,
,,5600,-0.17,0.1,,,,,,,,,,,,,,,,,,,,,,,,,,5590,-0.22,-0.24,-0.55,,,
,,5610,-0.17,0.08,,,,,,,,,,,,,,,,,,,,,,,,,,5600,-0.22,-0.24,-0.56,,,
,,5620,-0.17,0.05,,,,,,,,,,,,,,,,,,,,,,,,,,5610,-0.22,-0.04,-0.37,,,
,,5630,-0.17,0.04,,,,,,,,,,,,,,,,,,,,,,,,,,5620,-0.22,-0.01,-0.34,,,
,,5640,-0.17,0.01,,,,,,,,,,,,,,,,,,,,,,,,,,5630,-0.22,-0.16,-0.49,,,
,,5650,-0.17,0.02,,,,,,,,,,,,,,,,,,,,,,,,,,5640,-0.22,-0.16,-0.48,,,
,,5660,-0.17,0.01,,,,,,,,,,,,,,,,,,,,,,,,,,5650,-0.22,-0.08,-0.4,,,
,,5670,-0.17,0,,,,,,,,,,,,,,,,,,,,,,,,,,5660,-0.22,-0.11,-0.44,,,
,,5680,-0.16,-0.01,,,,,,,,,,,,,,,,,,,,,,,,,,5670,-0.21,-0.16,-0.48,,,
,,5690,-0.16,-0.01,,,,,,,,,,,,,,,,,,,,,,,,,,5680,-0.21,-0.09,-0.42,,,
,,5700,-0.16,-0.01,,,,,,,,,,,,,,,,,,,,,,,,,,5690,-0.21,-0.04,-0.37,,,
,,5710,-0.16,-0.04,,,,,,,,,,,,,,,,,,,,,,,,,,5700,-0.2,-0.11,-0.44,,,
,,5720,-0.17,-0.05,,,,,,,,,,,,,,,,,,,,,,,,,,5710,-0.2,-0.12,-0.45,,,
,,5730,-0.16,-0.05,,,,,,,,,,,,,,,,,,,,,,,,,,5720,-0.2,-0.08,-0.42,,,
,,5740,-0.16,-0.03,,,,,,,,,,,,,,,,,,,,,,,,,,5730,-0.2,-0.12,-0.45,,,
,,5750,-0.17,-0.05,,,,,,,,,,,,,,,,,,,,,,,,,,5740,-0.19,-0.15,-0.48,,,
,,5760,-0.17,-0.07,,,,,,,,,,,,,,,,,,,,,,,,,,5750,-0.19,-0.11,-0.44,,,
,,5770,-0.17,-0.06,,,,,,,,,,,,,,,,,,,,,,,,,,5760,-0.19,-0.09,-0.42,,,
,,5780,-0.17,-0.06,,,,,,,,,,,,,,,,,,,,,,,,,,5770,-0.19,-0.15,-0.48,,,
,,5790,-0.17,-0.05,,,,,,,,,,,,,,,,,,,,,,,,,,5780,-0.19,-0.1,-0.43,,,
,,5800,-0.17,-0.13,,,,,,,,,,,,,,,,,,,,,,,,,,5790,-0.18,-0.06,-0.38,,,
,,5810,-0.18,-0.14,,,,,,,,,,,,,,,,,,,,,,,,,,5800,-0.18,-0.12,-0.45,,,
,,5820,-0.18,-0.11,,,,,,,,,,,,,,,,,,,,,,,,,,5810,-0.18,-0.18,-0.5,,,
,,5830,-0.19,-0.09,,,,,,,,,,,,,,,,,,,,,,,,,,5820,-0.18,-0.11,-0.44,,,
,,5840,-0.19,-0.08,,,,,,,,,,,,,,,,,,,,,,,,,,5830,-0.18,-0.11,-0.43,,,
,,5850,-0.2,-0.14,,,,,,,,,,,,,,,,,,,,,,,,,,5840,-0.18,-0.16,-0.48,,,
,,5860,-0.21,-0.14,,,,,,,,,,,,,,,,,,,,,,,,,,5850,-0.18,-0.09,-0.41,,,
,,5870,-0.21,-0.12,,,,,,,,,,,,,,,,,,,,,,,,,,5860,-0.18,-0.06,-0.39,,,
,,5880,-0.22,-0.13,,,,,,,,,,,,,,,,,,,,,,,,,,5870,-0.18,-0.16,-0.49,,,
,,5890,-0.22,-0.14,,,,,,,,,,,,,,,,,,,,,,,,,,5880,-0.18,-0.19,-0.53,,,
,,5900,-0.22,-0.16,,,,,,,,,,,,,,,,,,,,,,,,,,5890,-0.18,-0.06,-0.39,,,
,,5910,-0.23,-0.17,,,,,,,,,,,,,,,,,,,,,,,,,,5900,-0.18,-0.04,-0.37,,,
,,5920,-0.24,-0.15,,,,,,,,,,,,,,,,,,,,,,,,,,5910,-0.18,-0.14,-0.47,,,
,,5930,-0.25,-0.14,,,,,,,,,,,,,,,,,,,,,,,,,,5920,-0.18,-0.14,-0.48,,,
,,5940,-0.26,-0.17,,,,,,,,,,,,,,,,,,,,,,,,,,5930,-0.18,-0.11,-0.46,,,
,,5950,-0.27,-0.22,,,,,,,,,,,,,,,,,,,,,,,,,,5940,-0.18,-0.15,-0.5,,,
,,5960,-0.29,-0.28,,,,,,,,,,,,,,,,,,,,,,,,,,5950,-0.18,-0.09,-0.44,,,
,,5970,-0.3,-0.29,,,,,,,,,,,,,,,,,,,,,,,,,,5960,-0.19,0.02,-0.33,,,
,,5980,-0.32,-0.32,,,,,,,,,,,,,,,,,,,,,,,,,,5970,-0.19,-0.1,-0.45,,,
,,5990,-0.33,-0.37,,,,,,,,,,,,,,,,,,,,,,,,,,5980,-0.19,-0.19,-0.55,,,
,,6000,-0.35,-0.41,,,,,,,,,,,,,,,,,,,,,,,,,,5990,-0.19,-0.1,-0.46,,,
,,,,,,,,,,,,,,,,,,,,,,,,,,,,,,6000,-0.19,-0.07,-0.43,,,
,,,,,,,,,,,,,,,,,,,,,,,,,,,,,,6010,-0.19,-0.18,-0.54,,,
,,,,,,,,,,,,,,,,,,,,,,,,,,,,,,6020,-0.19,-0.15,-0.51,,,
,,,,,,,,,,,,,,,,,,,,,,,,,,,,,,6030,-0.19,-0.03,-0.39,,,
,,,,,,,,,,,,,,,,,,,,,,,,,,,,,,6040,-0.19,-0.13,-0.48,,,
,,,,,,,,,,,,,,,,,,,,,,,,,,,,,,6050,-0.19,-0.19,-0.54,,,
,,,,,,,,,,,,,,,,,,,,,,,,,,,,,,6060,-0.18,-0.13,-0.48,,,
,,,,,,,,,,,,,,,,,,,,,,,,,,,,,,6070,-0.19,-0.16,-0.51,,,
,,,,,,,,,,,,,,,,,,,,,,,,,,,,,,6080,-0.19,-0.23,-0.58,,,
,,,,,,,,,,,,,,,,,,,,,,,,,,,,,,6090,-0.19,-0.12,-0.47,,,
,,,,,,,,,,,,,,,,,,,,,,,,,,,,,,6100,-0.19,-0.05,-0.39,,,
,,,,,,,,,,,,,,,,,,,,,,,,,,,,,,6110,-0.19,-0.23,-0.57,,,
,,,,,,,,,,,,,,,,,,,,,,,,,,,,,,6120,-0.18,-0.29,-0.64,,,
,,,,,,,,,,,,,,,,,,,,,,,,,,,,,,6130,-0.18,-0.12,-0.47,,,
,,,,,,,,,,,,,,,,,,,,,,,,,,,,,,6140,-0.18,-0.15,-0.48,,,
,,,,,,,,,,,,,,,,,,,,,,,,,,,,,,6150,-0.18,-0.33,-0.68,,,
,,,,,,,,,,,,,,,,,,,,,,,,,,,,,,6160,-0.18,-0.18,-0.53,,,
,,,,,,,,,,,,,,,,,,,,,,,,,,,,,,6170,-0.17,0.05,-0.29,,,
,,,,,,,,,,,,,,,,,,,,,,,,,,,,,,6180,-0.17,-0.13,-0.47,,,
,,,,,,,,,,,,,,,,,,,,,,,,,,,,,,6190,-0.17,-0.34,-0.69,,,
,,,,,,,,,,,,,,,,,,,,,,,,,,,,,,6200,-0.17,-0.16,-0.52,,,
,,,,,,,,,,,,,,,,,,,,,,,,,,,,,,6210,-0.17,-0.01,-0.36,,,
,,,,,,,,,,,,,,,,,,,,,,,,,,,,,,6220,-0.16,-0.13,-0.48,,,
,,,,,,,,,,,,,,,,,,,,,,,,,,,,,,6230,-0.16,-0.14,-0.5,,,
,,,,,,,,,,,,,,,,,,,,,,,,,,,,,,6240,-0.16,-0.07,-0.42,,,
,,,,,,,,,,,,,,,,,,,,,,,,,,,,,,6250,-0.16,-0.14,-0.48,,,
,,,,,,,,,,,,,,,,,,,,,,,,,,,,,,6260,-0.15,-0.2,-0.55,,,
,,,,,,,,,,,,,,,,,,,,,,,,,,,,,,6270,-0.16,-0.05,-0.39,,,
,,,,,,,,,,,,,,,,,,,,,,,,,,,,,,6280,-0.15,-0.02,-0.35,,,
,,,,,,,,,,,,,,,,,,,,,,,,,,,,,,6290,-0.15,-0.08,-0.42,,,
,,,,,,,,,,,,,,,,,,,,,,,,,,,,,,6300,-0.15,-0.08,-0.43,,,
,,,,,,,,,,,,,,,,,,,,,,,,,,,,,,6310,-0.15,-0.14,-0.48,,,
,,,,,,,,,,,,,,,,,,,,,,,,,,,,,,6320,-0.15,-0.24,-0.57,,,
,,,,,,,,,,,,,,,,,,,,,,,,,,,,,,6330,-0.15,-0.18,-0.52,,,
,,,,,,,,,,,,,,,,,,,,,,,,,,,,,,6340,-0.15,-0.04,-0.37,,,
,,,,,,,,,,,,,,,,,,,,,,,,,,,,,,6350,-0.15,-0.21,-0.53,,,
,,,,,,,,,,,,,,,,,,,,,,,,,,,,,,6360,-0.15,-0.27,-0.6,,,
,,,,,,,,,,,,,,,,,,,,,,,,,,,,,,6370,-0.16,-0.08,-0.41,,,
,,,,,,,,,,,,,,,,,,,,,,,,,,,,,,6380,-0.16,-0.12,-0.45,,,
,,,,,,,,,,,,,,,,,,,,,,,,,,,,,,6390,-0.16,-0.33,-0.66,,,
,,,,,,,,,,,,,,,,,,,,,,,,,,,,,,6400,-0.16,-0.25,-0.57,,,
,,,,,,,,,,,,,,,,,,,,,,,,,,,,,,6410,-0.16,-0.04,-0.36,,,
,,,,,,,,,,,,,,,,,,,,,,,,,,,,,,6420,-0.17,-0.2,-0.52,,,
,,,,,,,,,,,,,,,,,,,,,,,,,,,,,,6430,-0.16,-0.32,-0.64,,,
,,,,,,,,,,,,,,,,,,,,,,,,,,,,,,6440,-0.16,-0.12,-0.44,,,
,,,,,,,,,,,,,,,,,,,,,,,,,,,,,,6450,-0.17,-0.15,-0.46,,,
,,,,,,,,,,,,,,,,,,,,,,,,,,,,,,6460,-0.16,-0.39,-0.7,,,
,,,,,,,,,,,,,,,,,,,,,,,,,,,,,,6470,-0.17,-0.21,-0.53,,,
,,,,,,,,,,,,,,,,,,,,,,,,,,,,,,6480,-0.17,0.1,-0.21,,,
,,,,,,,,,,,,,,,,,,,,,,,,,,,,,,6490,-0.17,-0.18,-0.48,,,
,,,,,,,,,,,,,,,,,,,,,,,,,,,,,,6500,-0.17,-0.45,-0.77,,,
,,,,,,,,,,,,,,,,,,,,,,,,,,,,,,6510,-0.17,-0.16,-0.48,,,
,,,,,,,,,,,,,,,,,,,,,,,,,,,,,,6520,-0.17,0.04,-0.27,,,
,,,,,,,,,,,,,,,,,,,,,,,,,,,,,,6530,-0.17,-0.22,-0.53,,,
,,,,,,,,,,,,,,,,,,,,,,,,,,,,,,6540,-0.17,-0.29,-0.61,,,
,,,,,,,,,,,,,,,,,,,,,,,,,,,,,,6550,-0.17,-0.08,-0.4,,,
,,,,,,,,,,,,,,,,,,,,,,,,,,,,,,6560,-0.17,-0.11,-0.42,,,
,,,,,,,,,,,,,,,,,,,,,,,,,,,,,,6570,-0.17,-0.29,-0.6,,,
,,,,,,,,,,,,,,,,,,,,,,,,,,,,,,6580,-0.17,-0.18,-0.49,,,
,,,,,,,,,,,,,,,,,,,,,,,,,,,,,,6590,-0.17,-0.08,-0.39,,,
,,,,,,,,,,,,,,,,,,,,,,,,,,,,,,6600,-0.17,-0.16,-0.48,,,
,,,,,,,,,,,,,,,,,,,,,,,,,,,,,,6610,-0.17,-0.16,-0.48,,,
,,,,,,,,,,,,,,,,,,,,,,,,,,,,,,6620,-0.16,-0.19,-0.51,,,
,,,,,,,,,,,,,,,,,,,,,,,,,,,,,,6630,-0.16,-0.18,-0.49,,,
,,,,,,,,,,,,,,,,,,,,,,,,,,,,,,6640,-0.16,-0.16,-0.48,,,
,,,,,,,,,,,,,,,,,,,,,,,,,,,,,,6650,-0.16,-0.16,-0.49,,,
,,,,,,,,,,,,,,,,,,,,,,,,,,,,,,6660,-0.16,-0.29,-0.62,,,
,,,,,,,,,,,,,,,,,,,,,,,,,,,,,,6670,-0.16,-0.23,-0.55,,,
,,,,,,,,,,,,,,,,,,,,,,,,,,,,,,6680,-0.16,-0.04,-0.37,,,
,,,,,,,,,,,,,,,,,,,,,,,,,,,,,,6690,-0.16,-0.2,-0.52,,,
,,,,,,,,,,,,,,,,,,,,,,,,,,,,,,6700,-0.16,-0.32,-0.64,,,
,,,,,,,,,,,,,,,,,,,,,,,,,,,,,,6710,-0.16,-0.12,-0.45,,,
,,,,,,,,,,,,,,,,,,,,,,,,,,,,,,6720,-0.16,-0.03,-0.37,,,
,,,,,,,,,,,,,,,,,,,,,,,,,,,,,,6730,-0.16,-0.32,-0.66,,,
,,,,,,,,,,,,,,,,,,,,,,,,,,,,,,6740,-0.16,-0.33,-0.68,,,
,,,,,,,,,,,,,,,,,,,,,,,,,,,,,,6750,-0.17,-0.01,-0.36,,,
,,,,,,,,,,,,,,,,,,,,,,,,,,,,,,6760,-0.17,-0.06,-0.4,,,
,,,,,,,,,,,,,,,,,,,,,,,,,,,,,,6770,-0.17,-0.27,-0.61,,,
,,,,,,,,,,,,,,,,,,,,,,,,,,,,,,6780,-0.16,-0.08,-0.42,,,
,,,,,,,,,,,,,,,,,,,,,,,,,,,,,,6790,-0.16,0.05,-0.29,,,
,,,,,,,,,,,,,,,,,,,,,,,,,,,,,,6800,-0.17,-0.25,-0.59,,,
,,,,,,,,,,,,,,,,,,,,,,,,,,,,,,6810,-0.17,-0.34,-0.69,,,
,,,,,,,,,,,,,,,,,,,,,,,,,,,,,,6820,-0.17,-0.01,-0.36,,,
,,,,,,,,,,,,,,,,,,,,,,,,,,,,,,6830,-0.17,0.07,-0.28,,,
,,,,,,,,,,,,,,,,,,,,,,,,,,,,,,6840,-0.17,-0.13,-0.46,,,
,,,,,,,,,,,,,,,,,,,,,,,,,,,,,,6850,-0.17,-0.03,-0.37,,,
,,,,,,,,,,,,,,,,,,,,,,,,,,,,,,6860,-0.18,0,-0.34,,,
,,,,,,,,,,,,,,,,,,,,,,,,,,,,,,6870,-0.18,-0.27,-0.61,,,
,,,,,,,,,,,,,,,,,,,,,,,,,,,,,,6880,-0.18,-0.36,-0.71,,,
,,,,,,,,,,,,,,,,,,,,,,,,,,,,,,6890,-0.18,-0.06,-0.41,,,
,,,,,,,,,,,,,,,,,,,,,,,,,,,,,,6900,-0.18,0.07,-0.28,,,
,,,,,,,,,,,,,,,,,,,,,,,,,,,,,,6910,-0.18,-0.15,-0.49,,,
,,,,,,,,,,,,,,,,,,,,,,,,,,,,,,6920,-0.18,-0.14,-0.49,,,
,,,,,,,,,,,,,,,,,,,,,,,,,,,,,,6930,-0.18,-0.11,-0.47,,,
,,,,,,,,,,,,,,,,,,,,,,,,,,,,,,6940,-0.18,-0.17,-0.52,,,
,,,,,,,,,,,,,,,,,,,,,,,,,,,,,,6950,-0.18,-0.23,-0.59,,,
,,,,,,,,,,,,,,,,,,,,,,,,,,,,,,6960,-0.19,-0.19,-0.55,,,
,,,,,,,,,,,,,,,,,,,,,,,,,,,,,,6970,-0.19,-0.18,-0.54,,,
,,,,,,,,,,,,,,,,,,,,,,,,,,,,,,6980,-0.19,-0.22,-0.58,,,
,,,,,,,,,,,,,,,,,,,,,,,,,,,,,,6990,-0.19,-0.16,-0.52,,,
,,,,,,,,,,,,,,,,,,,,,,,,,,,,,,7000,-0.19,-0.16,-0.52,,,
,,,,,,,,,,,,,,,,,,,,,,,,,,,,,,7010,-0.19,-0.14,-0.51,,,
,,,,,,,,,,,,,,,,,,,,,,,,,,,,,,7020,-0.19,-0.08,-0.45,,,
,,,,,,,,,,,,,,,,,,,,,,,,,,,,,,7030,-0.19,-0.16,-0.52,,,
,,,,,,,,,,,,,,,,,,,,,,,,,,,,,,7040,-0.19,-0.32,-0.67,,,
,,,,,,,,,,,,,,,,,,,,,,,,,,,,,,7050,-0.2,-0.27,-0.61,,,
,,,,,,,,,,,,,,,,,,,,,,,,,,,,,,7060,-0.2,-0.11,-0.46,,,
,,,,,,,,,,,,,,,,,,,,,,,,,,,,,,7070,-0.19,-0.16,-0.51,,,
,,,,,,,,,,,,,,,,,,,,,,,,,,,,,,7080,-0.19,-0.23,-0.58,,,
,,,,,,,,,,,,,,,,,,,,,,,,,,,,,,7090,-0.19,-0.1,-0.45,,,
,,,,,,,,,,,,,,,,,,,,,,,,,,,,,,7100,-0.19,-0.09,-0.44,,,
,,,,,,,,,,,,,,,,,,,,,,,,,,,,,,7110,-0.19,-0.26,-0.61,,,
,,,,,,,,,,,,,,,,,,,,,,,,,,,,,,7120,-0.19,-0.32,-0.67,,,
,,,,,,,,,,,,,,,,,,,,,,,,,,,,,,7130,-0.19,-0.2,-0.55,,,
,,,,,,,,,,,,,,,,,,,,,,,,,,,,,,7140,-0.19,-0.12,-0.47,,,
,,,,,,,,,,,,,,,,,,,,,,,,,,,,,,7150,-0.2,-0.08,-0.43,,,
,,,,,,,,,,,,,,,,,,,,,,,,,,,,,,7160,-0.2,0.03,-0.31,,,
,,,,,,,,,,,,,,,,,,,,,,,,,,,,,,7170,-0.2,-0.15,-0.49,,,
,,,,,,,,,,,,,,,,,,,,,,,,,,,,,,7180,-0.2,-0.39,-0.73,,,
,,,,,,,,,,,,,,,,,,,,,,,,,,,,,,7190,-0.2,-0.31,-0.66,,,
,,,,,,,,,,,,,,,,,,,,,,,,,,,,,,7200,-0.2,-0.09,-0.44,,,
,,,,,,,,,,,,,,,,,,,,,,,,,,,,,,7210,-0.2,-0.09,-0.44,,,
,,,,,,,,,,,,,,,,,,,,,,,,,,,,,,7220,-0.21,-0.24,-0.59,,,
,,,,,,,,,,,,,,,,,,,,,,,,,,,,,,7230,-0.21,-0.14,-0.49,,,
,,,,,,,,,,,,,,,,,,,,,,,,,,,,,,7240,-0.21,-0.09,-0.43,,,
,,,,,,,,,,,,,,,,,,,,,,,,,,,,,,7250,-0.21,-0.23,-0.56,,,
,,,,,,,,,,,,,,,,,,,,,,,,,,,,,,7260,-0.21,-0.29,-0.63,,,
,,,,,,,,,,,,,,,,,,,,,,,,,,,,,,7270,-0.21,-0.26,-0.6,,,
,,,,,,,,,,,,,,,,,,,,,,,,,,,,,,7280,-0.21,-0.2,-0.54,,,
,,,,,,,,,,,,,,,,,,,,,,,,,,,,,,7290,-0.21,-0.23,-0.58,,,
,,,,,,,,,,,,,,,,,,,,,,,,,,,,,,7300,-0.21,-0.27,-0.61,,,
,,,,,,,,,,,,,,,,,,,,,,,,,,,,,,7310,-0.21,-0.28,-0.61,,,
,,,,,,,,,,,,,,,,,,,,,,,,,,,,,,7320,-0.22,-0.25,-0.57,,,
,,,,,,,,,,,,,,,,,,,,,,,,,,,,,,7330,-0.22,-0.23,-0.55,,,
,,,,,,,,,,,,,,,,,,,,,,,,,,,,,,7340,-0.22,-0.26,-0.59,,,
,,,,,,,,,,,,,,,,,,,,,,,,,,,,,,7350,-0.22,-0.27,-0.6,,,
,,,,,,,,,,,,,,,,,,,,,,,,,,,,,,7360,-0.21,-0.24,-0.56,,,
,,,,,,,,,,,,,,,,,,,,,,,,,,,,,,7370,-0.21,-0.26,-0.59,,,
,,,,,,,,,,,,,,,,,,,,,,,,,,,,,,7380,-0.22,-0.3,-0.63,,,
,,,,,,,,,,,,,,,,,,,,,,,,,,,,,,7390,-0.22,-0.25,-0.58,,,
,,,,,,,,,,,,,,,,,,,,,,,,,,,,,,7400,-0.22,-0.17,-0.5,,,
,,,,,,,,,,,,,,,,,,,,,,,,,,,,,,7410,-0.22,-0.23,-0.56,,,
,,,,,,,,,,,,,,,,,,,,,,,,,,,,,,7420,-0.22,-0.27,-0.61,,,
,,,,,,,,,,,,,,,,,,,,,,,,,,,,,,7430,-0.22,-0.26,-0.6,,,
,,,,,,,,,,,,,,,,,,,,,,,,,,,,,,7440,-0.23,-0.25,-0.59,,,
,,,,,,,,,,,,,,,,,,,,,,,,,,,,,,7450,-0.22,-0.24,-0.59,,,
,,,,,,,,,,,,,,,,,,,,,,,,,,,,,,7460,-0.22,-0.19,-0.55,,,
,,,,,,,,,,,,,,,,,,,,,,,,,,,,,,7470,-0.22,-0.1,-0.47,,,
,,,,,,,,,,,,,,,,,,,,,,,,,,,,,,7480,-0.22,-0.2,-0.56,,,
,,,,,,,,,,,,,,,,,,,,,,,,,,,,,,7490,-0.22,-0.3,-0.66,,,
,,,,,,,,,,,,,,,,,,,,,,,,,,,,,,7500,-0.22,-0.21,-0.57,,,
,,,,,,,,,,,,,,,,,,,,,,,,,,,,,,7510,-0.22,-0.15,-0.5,,,
,,,,,,,,,,,,,,,,,,,,,,,,,,,,,,7520,-0.22,-0.22,-0.57,,,
,,,,,,,,,,,,,,,,,,,,,,,,,,,,,,7530,-0.22,-0.3,-0.64,,,
,,,,,,,,,,,,,,,,,,,,,,,,,,,,,,7540,-0.22,-0.23,-0.59,,,
,,,,,,,,,,,,,,,,,,,,,,,,,,,,,,7550,-0.22,-0.19,-0.55,,,
,,,,,,,,,,,,,,,,,,,,,,,,,,,,,,7560,-0.22,-0.26,-0.61,,,
,,,,,,,,,,,,,,,,,,,,,,,,,,,,,,7570,-0.22,-0.24,-0.59,,,
,,,,,,,,,,,,,,,,,,,,,,,,,,,,,,7580,-0.22,-0.17,-0.52,,,
,,,,,,,,,,,,,,,,,,,,,,,,,,,,,,7590,-0.22,-0.22,-0.56,,,
,,,,,,,,,,,,,,,,,,,,,,,,,,,,,,7600,-0.23,-0.3,-0.65,,,
,,,,,,,,,,,,,,,,,,,,,,,,,,,,,,7610,-0.23,-0.3,-0.64,,,
,,,,,,,,,,,,,,,,,,,,,,,,,,,,,,7620,-0.23,-0.28,-0.63,,,
,,,,,,,,,,,,,,,,,,,,,,,,,,,,,,7630,-0.23,-0.28,-0.63,,,
,,,,,,,,,,,,,,,,,,,,,,,,,,,,,,7640,-0.23,-0.27,-0.61,,,
,,,,,,,,,,,,,,,,,,,,,,,,,,,,,,7650,-0.23,-0.25,-0.6,,,
,,,,,,,,,,,,,,,,,,,,,,,,,,,,,,7660,-0.23,-0.23,-0.57,,,
,,,,,,,,,,,,,,,,,,,,,,,,,,,,,,7670,-0.23,-0.25,-0.59,,,
,,,,,,,,,,,,,,,,,,,,,,,,,,,,,,7680,-0.23,-0.25,-0.6,,,
,,,,,,,,,,,,,,,,,,,,,,,,,,,,,,7690,-0.23,-0.26,-0.62,,,
,,,,,,,,,,,,,,,,,,,,,,,,,,,,,,7700,-0.23,-0.26,-0.61,,,
,,,,,,,,,,,,,,,,,,,,,,,,,,,,,,7710,-0.24,-0.24,-0.6,,,
,,,,,,,,,,,,,,,,,,,,,,,,,,,,,,7720,-0.23,-0.29,-0.65,,,
,,,,,,,,,,,,,,,,,,,,,,,,,,,,,,7730,-0.23,-0.23,-0.59,,,
,,,,,,,,,,,,,,,,,,,,,,,,,,,,,,7740,-0.23,-0.15,-0.52,,,
,,,,,,,,,,,,,,,,,,,,,,,,,,,,,,7750,-0.23,-0.16,-0.52,,,
,,,,,,,,,,,,,,,,,,,,,,,,,,,,,,7760,-0.23,-0.18,-0.55,,,
,,,,,,,,,,,,,,,,,,,,,,,,,,,,,,7770,-0.23,-0.15,-0.51,,,
,,,,,,,,,,,,,,,,,,,,,,,,,,,,,,7780,-0.23,-0.15,-0.51,,,
,,,,,,,,,,,,,,,,,,,,,,,,,,,,,,7790,-0.23,-0.2,-0.56,,,
,,,,,,,,,,,,,,,,,,,,,,,,,,,,,,7800,-0.23,-0.24,-0.59,,,
,,,,,,,,,,,,,,,,,,,,,,,,,,,,,,7810,-0.23,-0.14,-0.51,,,
,,,,,,,,,,,,,,,,,,,,,,,,,,,,,,7820,-0.23,-0.08,-0.44,,,
,,,,,,,,,,,,,,,,,,,,,,,,,,,,,,7830,-0.23,-0.08,-0.43,,,
,,,,,,,,,,,,,,,,,,,,,,,,,,,,,,7840,-0.22,-0.11,-0.46,,,
,,,,,,,,,,,,,,,,,,,,,,,,,,,,,,7850,-0.22,-0.16,-0.51,,,
,,,,,,,,,,,,,,,,,,,,,,,,,,,,,,7860,-0.23,-0.26,-0.6,,,
,,,,,,,,,,,,,,,,,,,,,,,,,,,,,,7870,-0.23,-0.3,-0.65,,,
,,,,,,,,,,,,,,,,,,,,,,,,,,,,,,7880,-0.23,-0.21,-0.56,,,
,,,,,,,,,,,,,,,,,,,,,,,,,,,,,,7890,-0.22,-0.11,-0.47,,,
,,,,,,,,,,,,,,,,,,,,,,,,,,,,,,7900,-0.22,-0.11,-0.46,,,
,,,,,,,,,,,,,,,,,,,,,,,,,,,,,,7910,-0.22,-0.17,-0.51,,,
,,,,,,,,,,,,,,,,,,,,,,,,,,,,,,7920,-0.22,-0.2,-0.55,,,
,,,,,,,,,,,,,,,,,,,,,,,,,,,,,,7930,-0.22,-0.28,-0.62,,,
,,,,,,,,,,,,,,,,,,,,,,,,,,,,,,7940,-0.22,-0.42,-0.76,,,
,,,,,,,,,,,,,,,,,,,,,,,,,,,,,,7950,-0.22,-0.41,-0.76,,,
,,,,,,,,,,,,,,,,,,,,,,,,,,,,,,7960,-0.22,-0.25,-0.61,,,
,,,,,,,,,,,,,,,,,,,,,,,,,,,,,,7970,-0.22,-0.07,-0.43,,,
,,,,,,,,,,,,,,,,,,,,,,,,,,,,,,7980,-0.22,-0.17,-0.53,,,
,,,,,,,,,,,,,,,,,,,,,,,,,,,,,,7990,-0.22,-0.33,-0.68,,,
,,,,,,,,,,,,,,,,,,,,,,,,,,,,,,8000,-0.22,-0.32,-0.67,,,
,,,,,,,,,,,,,,,,,,,,,,,,,,,,,,8010,-0.22,-0.27,-0.62,,,
,,,,,,,,,,,,,,,,,,,,,,,,,,,,,,8020,-0.22,-0.3,-0.65,,,
,,,,,,,,,,,,,,,,,,,,,,,,,,,,,,8030,-0.22,-0.31,-0.65,,,
,,,,,,,,,,,,,,,,,,,,,,,,,,,,,,8040,-0.22,-0.21,-0.56,,,
,,,,,,,,,,,,,,,,,,,,,,,,,,,,,,8050,-0.22,-0.13,-0.48,,,
,,,,,,,,,,,,,,,,,,,,,,,,,,,,,,8060,-0.22,-0.17,-0.51,,,
,,,,,,,,,,,,,,,,,,,,,,,,,,,,,,8070,-0.22,-0.22,-0.56,,,
,,,,,,,,,,,,,,,,,,,,,,,,,,,,,,8080,-0.22,-0.22,-0.56,,,
,,,,,,,,,,,,,,,,,,,,,,,,,,,,,,8090,-0.22,-0.22,-0.56,,,
,,,,,,,,,,,,,,,,,,,,,,,,,,,,,,8100,-0.22,-0.24,-0.57,,,
,,,,,,,,,,,,,,,,,,,,,,,,,,,,,,8110,-0.22,-0.19,-0.52,,,
,,,,,,,,,,,,,,,,,,,,,,,,,,,,,,8120,-0.22,-0.12,-0.45,,,
,,,,,,,,,,,,,,,,,,,,,,,,,,,,,,8130,-0.22,-0.08,-0.41,,,
,,,,,,,,,,,,,,,,,,,,,,,,,,,,,,8140,-0.22,-0.09,-0.43,,,
,,,,,,,,,,,,,,,,,,,,,,,,,,,,,,8150,-0.22,-0.14,-0.48,,,
,,,,,,,,,,,,,,,,,,,,,,,,,,,,,,8160,-0.22,-0.18,-0.52,,,
,,,,,,,,,,,,,,,,,,,,,,,,,,,,,,8170,-0.22,-0.22,-0.56,,,
,,,,,,,,,,,,,,,,,,,,,,,,,,,,,,8180,-0.22,-0.27,-0.6,,,
,,,,,,,,,,,,,,,,,,,,,,,,,,,,,,8190,-0.21,-0.21,-0.55,,,
,,,,,,,,,,,,,,,,,,,,,,,,,,,,,,8200,-0.22,-0.22,-0.56,,,
,,,,,,,,,,,,,,,,,,,,,,,,,,,,,,8210,-0.21,-0.21,-0.55,,,
,,,,,,,,,,,,,,,,,,,,,,,,,,,,,,8220,-0.21,-0.2,-0.54,,,
,,,,,,,,,,,,,,,,,,,,,,,,,,,,,,8230,-0.21,-0.16,-0.51,,,
,,,,,,,,,,,,,,,,,,,,,,,,,,,,,,8240,-0.21,-0.18,-0.54,,,
,,,,,,,,,,,,,,,,,,,,,,,,,,,,,,8250,-0.21,-0.38,-0.72,,,
,,,,,,,,,,,,,,,,,,,,,,,,,,,,,,8260,-0.21,-0.47,-0.81,,,
,,,,,,,,,,,,,,,,,,,,,,,,,,,,,,8270,-0.21,-0.38,-0.72,,,
,,,,,,,,,,,,,,,,,,,,,,,,,,,,,,8280,-0.2,-0.2,-0.56,,,
,,,,,,,,,,,,,,,,,,,,,,,,,,,,,,8290,-0.2,-0.26,-0.61,,,
,,,,,,,,,,,,,,,,,,,,,,,,,,,,,,8300,-0.2,-0.4,-0.75,,,
,,,,,,,,,,,,,,,,,,,,,,,,,,,,,,8310,-0.2,-0.34,-0.7,,,
,,,,,,,,,,,,,,,,,,,,,,,,,,,,,,8320,-0.2,-0.25,-0.61,,,
,,,,,,,,,,,,,,,,,,,,,,,,,,,,,,8330,-0.2,-0.3,-0.65,,,
,,,,,,,,,,,,,,,,,,,,,,,,,,,,,,8340,-0.2,-0.37,-0.72,,,
,,,,,,,,,,,,,,,,,,,,,,,,,,,,,,8350,-0.2,-0.28,-0.63,,,
,,,,,,,,,,,,,,,,,,,,,,,,,,,,,,8360,-0.2,-0.17,-0.54,,,
,,,,,,,,,,,,,,,,,,,,,,,,,,,,,,8370,-0.19,-0.24,-0.58,,,
,,,,,,,,,,,,,,,,,,,,,,,,,,,,,,8380,-0.19,-0.24,-0.59,,,
,,,,,,,,,,,,,,,,,,,,,,,,,,,,,,8390,-0.19,-0.18,-0.54,,,
,,,,,,,,,,,,,,,,,,,,,,,,,,,,,,8400,-0.2,-0.15,-0.5,,,
,,,,,,,,,,,,,,,,,,,,,,,,,,,,,,8410,-0.2,-0.18,-0.52,,,
,,,,,,,,,,,,,,,,,,,,,,,,,,,,,,8420,-0.2,-0.14,-0.49,,,
,,,,,,,,,,,,,,,,,,,,,,,,,,,,,,8430,-0.19,-0.09,-0.45,,,
,,,,,,,,,,,,,,,,,,,,,,,,,,,,,,8440,-0.2,-0.13,-0.49,,,
,,,,,,,,,,,,,,,,,,,,,,,,,,,,,,8450,-0.19,-0.1,-0.45,,,
,,,,,,,,,,,,,,,,,,,,,,,,,,,,,,8460,-0.19,-0.05,-0.42,,,
,,,,,,,,,,,,,,,,,,,,,,,,,,,,,,8470,-0.19,-0.11,-0.47,,,
,,,,,,,,,,,,,,,,,,,,,,,,,,,,,,8480,-0.2,-0.11,-0.45,,,
,,,,,,,,,,,,,,,,,,,,,,,,,,,,,,8490,-0.2,-0.19,-0.55,,,
,,,,,,,,,,,,,,,,,,,,,,,,,,,,,,8500,-0.19,-0.18,-0.54,,,
,,,,,,,,,,,,,,,,,,,,,,,,,,,,,,8510,-0.19,-0.1,-0.46,,,
,,,,,,,,,,,,,,,,,,,,,,,,,,,,,,8520,-0.2,-0.09,-0.45,,,
,,,,,,,,,,,,,,,,,,,,,,,,,,,,,,8530,-0.2,-0.2,-0.54,,,
,,,,,,,,,,,,,,,,,,,,,,,,,,,,,,8540,-0.2,-0.3,-0.65,,,
,,,,,,,,,,,,,,,,,,,,,,,,,,,,,,8550,-0.2,-0.24,-0.6,,,
,,,,,,,,,,,,,,,,,,,,,,,,,,,,,,8560,-0.2,-0.23,-0.58,,,
,,,,,,,,,,,,,,,,,,,,,,,,,,,,,,8570,-0.2,-0.27,-0.62,,,
,,,,,,,,,,,,,,,,,,,,,,,,,,,,,,8580,-0.2,-0.26,-0.61,,,
,,,,,,,,,,,,,,,,,,,,,,,,,,,,,,8590,-0.19,-0.22,-0.56,,,
,,,,,,,,,,,,,,,,,,,,,,,,,,,,,,8600,-0.19,-0.28,-0.62,,,
,,,,,,,,,,,,,,,,,,,,,,,,,,,,,,8610,-0.19,-0.41,-0.73,,,
,,,,,,,,,,,,,,,,,,,,,,,,,,,,,,8620,-0.19,-0.35,-0.68,,,
,,,,,,,,,,,,,,,,,,,,,,,,,,,,,,8630,-0.19,-0.3,-0.65,,,
,,,,,,,,,,,,,,,,,,,,,,,,,,,,,,8640,-0.19,-0.32,-0.67,,,
,,,,,,,,,,,,,,,,,,,,,,,,,,,,,,8650,-0.19,-0.25,-0.58,,,
,,,,,,,,,,,,,,,,,,,,,,,,,,,,,,8660,-0.19,-0.17,-0.52,,,
,,,,,,,,,,,,,,,,,,,,,,,,,,,,,,8670,-0.19,-0.25,-0.61,,,
,,,,,,,,,,,,,,,,,,,,,,,,,,,,,,8680,-0.19,-0.35,-0.69,,,
,,,,,,,,,,,,,,,,,,,,,,,,,,,,,,8690,-0.19,-0.26,-0.59,,,
,,,,,,,,,,,,,,,,,,,,,,,,,,,,,,8700,-0.18,-0.12,-0.48,,,
,,,,,,,,,,,,,,,,,,,,,,,,,,,,,,8710,-0.19,-0.21,-0.57,,,
,,,,,,,,,,,,,,,,,,,,,,,,,,,,,,8720,-0.19,-0.22,-0.58,,,
,,,,,,,,,,,,,,,,,,,,,,,,,,,,,,8730,-0.19,-0.16,-0.52,,,
,,,,,,,,,,,,,,,,,,,,,,,,,,,,,,8740,-0.19,-0.11,-0.48,,,
,,,,,,,,,,,,,,,,,,,,,,,,,,,,,,8750,-0.19,-0.13,-0.5,,,
,,,,,,,,,,,,,,,,,,,,,,,,,,,,,,8760,-0.19,-0.21,-0.55,,,
,,,,,,,,,,,,,,,,,,,,,,,,,,,,,,8770,-0.19,-0.17,-0.51,,,
,,,,,,,,,,,,,,,,,,,,,,,,,,,,,,8780,-0.19,-0.18,-0.52,,,
,,,,,,,,,,,,,,,,,,,,,,,,,,,,,,8790,-0.19,-0.12,-0.47,,,
,,,,,,,,,,,,,,,,,,,,,,,,,,,,,,8800,-0.19,-0.18,-0.52,,,
,,,,,,,,,,,,,,,,,,,,,,,,,,,,,,8810,-0.19,-0.24,-0.58,,,
,,,,,,,,,,,,,,,,,,,,,,,,,,,,,,8820,-0.18,-0.16,-0.5,,,
,,,,,,,,,,,,,,,,,,,,,,,,,,,,,,8830,-0.19,-0.12,-0.46,,,
,,,,,,,,,,,,,,,,,,,,,,,,,,,,,,8840,-0.19,-0.23,-0.56,,,
,,,,,,,,,,,,,,,,,,,,,,,,,,,,,,8850,-0.19,-0.37,-0.69,,,
,,,,,,,,,,,,,,,,,,,,,,,,,,,,,,8860,-0.19,-0.42,-0.73,,,
,,,,,,,,,,,,,,,,,,,,,,,,,,,,,,8870,-0.19,-0.37,-0.68,,,
,,,,,,,,,,,,,,,,,,,,,,,,,,,,,,8880,-0.18,-0.36,-0.68,,,
,,,,,,,,,,,,,,,,,,,,,,,,,,,,,,8890,-0.18,-0.3,-0.61,,,
,,,,,,,,,,,,,,,,,,,,,,,,,,,,,,8900,-0.19,-0.22,-0.53,,,
,,,,,,,,,,,,,,,,,,,,,,,,,,,,,,8910,-0.19,-0.28,-0.6,,,
,,,,,,,,,,,,,,,,,,,,,,,,,,,,,,8920,-0.19,-0.45,-0.77,,,
,,,,,,,,,,,,,,,,,,,,,,,,,,,,,,8930,-0.19,-0.53,-0.84,,,
,,,,,,,,,,,,,,,,,,,,,,,,,,,,,,8940,-0.2,-0.54,-0.85,,,
,,,,,,,,,,,,,,,,,,,,,,,,,,,,,,8950,-0.19,-0.48,-0.81,,,
,,,,,,,,,,,,,,,,,,,,,,,,,,,,,,8960,-0.19,-0.32,-0.64,,,
,,,,,,,,,,,,,,,,,,,,,,,,,,,,,,8970,-0.2,-0.25,-0.58,,,
,,,,,,,,,,,,,,,,,,,,,,,,,,,,,,8980,-0.21,-0.37,-0.71,,,
,,,,,,,,,,,,,,,,,,,,,,,,,,,,,,8990,-0.2,-0.42,-0.76,,,
,,,,,,,,,,,,,,,,,,,,,,,,,,,,,,9000,-0.2,-0.38,-0.72,,,